A3;Audi;1.278.000₺;Tiptronic;Benzin;1.5 Lt;Önden Çekiş;150 Hp;Yok;Yok;23.06.2025;2020;93.228 km;Sedan;Mavi;224 Km/h;425 Lt;Yok*;250;4;50;6.2 (Şİ) / 4.3 (ŞD);16;Ön Tampon:Çizik;Sol Arka Çamurluk:Lokal Boyalı, Çizik;Arka Tampon:Çizik;Sol Marşpiye:Boyalı
A3;Audi;1.274.000₺;Tiptronic;Benzin;1.5 Lt;Önden Çekiş;150 Hp;Yok;Yok;16.06.2025;2020;19.707 km;Hatchback;Metalik Glacier Beyazı;220 Km/h;380 Lt;Yok*;250;4;50;6 (Şİ) / 4.1 (ŞD);16;Ön Tampon:Boyalı, Çizik;Sağ Ön Çamurluk:Çizik;Sağ Arka Çamurluk:Ezik;Arka Tampon:Çizik;Sağ Marşpiye:Ezik
Caravelle;Volkswagen;1.687.000₺;Otomatik;Dizel;2 Lt;4x4;199 Hp;Yok;Yok;28.06.2024;2019;83.365 km;Cityvan;Gri;199 Km/h;Yok*;Yok*;450;4;70;10.7 (Şİ) / 7.3 (ŞD);16;Ön Tampon:Çizik;Sağ Ön Kapı:Ezik;Sağ Arka Çamurluk:Çizik;Sol Ön Çamurluk:Ezik;Sol Ön Kapı:Ezik;Sol Arka Çamurluk:Ezik;Arka Tampon:Çizik
Passat;Volkswagen;1.460.000₺;Otomatik;Dizel;1.6 Lt;Önden Çekiş;120 Hp;Yok;Yok;29.06.2025;2019;84.000 km;Sedan;Gri;205 Km/h;586 Lt;Yok*;250;4;59;4.6 (Şİ) / 3.8 (ŞD);16;Sol Ön Kapı:Boyalı;Sol Arka Kapı:Boyalı
Passat;Volkswagen;1.457.500₺;Otomatik;Dizel;1.6 Lt;Önden Çekiş;120 Hp;Yok;Yok;1.01.2024;2019;81.245 km;Sedan;Gri;205 Km/h;586 Lt;Yok*;250;4;59;4.6 (Şİ) / 3.8 (ŞD);16;Sol Arka Kapı:Boyalı;Sol Arka Çamurluk:Boyalı
Passat;Volkswagen;1.399.000₺;Otomatik;Dizel;1.6 Lt;Önden Çekiş;120 Hp;Yok;Yok;2.12.2024;2019;82.253 km;Sedan;Gri;205 Km/h;586 Lt;Yok*;250;4;59;4.6 (Şİ) / 3.8 (ŞD);16
Passat;Volkswagen;1.391.000₺;Otomatik;Dizel;1.6 Lt;Önden Çekiş;120 Hp;Yok;Yok;19.11.2024;2019;84.240 km;Sedan;Derin Siyah;205 Km/h;586 Lt;Yok*;250;4;59;4.6 (Şİ) / 3.8 (ŞD);16;Ön Tampon:Boyalı, Hasarlı;Sağ Ön Çamurluk:Değişen;Sağ Ön Kapı:Boyalı;Sol Ön Kapı:Çizik, Ezik;Arka Tampon:Hasarlı;Sol Marşpiye:Hasarlı
Tiguan;Volkswagen;1.380.000₺;Otomatik;Benzin;1.5 Lt;Önden Çekiş;150 Hp;Yok;Yok;11.03.2025;2019;101.731 km;Arazi aracı;Siyah;200 Km/h;615 Lt;Yok*;250;4;58;7 (Şİ) / 5.1 (ŞD);16;Sağ Ön Çamurluk:Boyalı;Sol Ön Çamurluk:Boyalı;Sol Ön Kapı:Boyalı
Passat;Volkswagen;1.353.000₺;Otomatik;Dizel;1.6 Lt;Önden Çekiş;120 Hp;Yok;Yok;13.05.2024;2019;133.882 km;Sedan;Gri;205 Km/h;586 Lt;Yok*;250;4;59;4.6 (Şİ) / 3.8 (ŞD);16;Ön Tampon:Çizik;Sağ Ön Çamurluk:Çizik, Ezik;Sağ Ön Kapı:Çizik, Ezik;Sağ Arka Kapı:Çizik, Ezik;Sağ Arka Çamurluk:Çizik, Ezik;Sol Arka Kapı:Ezik;Sol Arka Çamurluk:Çizik, Ezik;Arka Tampon:Hasarlı;Bagaj:Ezik
T-ROC;Volkswagen;1.310.000₺;Otomatik;Benzin;1.5 Lt;Önden Çekiş;150 Hp;Yok;Yok;20.12.2020;2019;29.930 km;Arazi aracı;Kırmızı;205 Km/h;445 Lt;Yok*;250;4;50;6.6 (Şİ) / 4.6 (ŞD);16;Sağ Arka Kapı:Çizik;Sağ Arka Çamurluk:Çizik
Tiguan;Volkswagen;1.300.000₺;Otomatik;Benzin;1.5 Lt;Önden Çekiş;150 Hp;Yok;Yok;2.01.2026;2019;69.740 km;Arazi aracı;Beyaz;200 Km/h;615 Lt;Yok*;250;4;58;7 (Şİ) / 5.1 (ŞD);16;Bagaj:Lokal Boyalı
Passat;Volkswagen;1.299.900₺;Otomatik;Dizel;1.6 Lt;Önden Çekiş;120 Hp;Yok;Yok;3.09.2024;2019;113.721 km;Sedan;Siyah;205 Km/h;586 Lt;Yok*;250;4;59;4.6 (Şİ) / 3.8 (ŞD);16
T-ROC;Volkswagen;1.250.000₺;Otomatik;Benzin;1.5 Lt;Önden Çekiş;150 Hp;Yok;Yok;27.05.2024;2019;30.460 km;Arazi aracı;Ravenna Mavisi/siyah;205 Km/h;445 Lt;Yok*;250;4;50;6.6 (Şİ) / 4.6 (ŞD);16;Kaput:Değişen;Sağ Ön Çamurluk:Değişen;Sağ Ön Kapı:Değişen
T-ROC;Volkswagen;1.250.000₺;Otomatik;Benzin;1.5 Lt;Önden Çekiş;150 Hp;Yok;Yok;10.01.2024;2019;100.354 km;Arazi aracı;Parlak Kırmızı;205 Km/h;445 Lt;Yok*;250;4;50;6.6 (Şİ) / 4.6 (ŞD);16;Ön Tampon:Boyalı;Sol Ön Çamurluk:Değişen;Sol Ön Kapı:Boyalı;Sol Arka Kapı:Boyalı;Sol Arka Çamurluk:Boyalı;Arka Tampon:Boyalı
T-ROC;Volkswagen;1.250.000₺;Otomatik;Benzin;1.5 Lt;Önden Çekiş;150 Hp;Yok;Yok;13.06.2025;2019;46.050 km;Arazi aracı;Beyaz;205 Km/h;445 Lt;Yok*;250;4;50;6.6 (Şİ) / 4.6 (ŞD);16;Ön Tampon:Boyalı, Ezik;Sağ Ön Kapı:Ezik;Sol Ön Çamurluk:Boyalı
Passat;Volkswagen;1.249.500₺;Otomatik;Dizel;1.6 Lt;Önden Çekiş;120 Hp;Yok;Yok;1.01.2025;2019;42.760 km;Sedan;Beyaz;205 Km/h;586 Lt;Yok*;250;4;59;4.6 (Şİ) / 3.8 (ŞD);16;Sağ Arka Çamurluk:Lokal Boyalı
Passat;Volkswagen;1.247.500₺;Otomatik;Dizel;1.6 Lt;Önden Çekiş;120 Hp;Yok;Yok;2.01.2025;2019;65.377 km;Sedan;Beyaz;205 Km/h;586 Lt;Yok*;250;4;59;4.6 (Şİ) / 3.8 (ŞD);16;Sağ Ön Kapı:Ezik;Sol Arka Çamurluk:Lokal Boyalı
Passat;Volkswagen;1.240.000₺;Otomatik;Dizel;1.6 Lt;Önden Çekiş;120 Hp;Yok;Yok;20.06.2024;2019;63.913 km;Sedan;Uranüs Gri;205 Km/h;586 Lt;Yok*;250;4;59;4.6 (Şİ) / 3.8 (ŞD);16;Kaput:Çizik, Ezik;Sol Ön Çamurluk:Ezik;Sol Ön Kapı:Ezik;Sol Arka Kapı:Ezik;Sol Arka Çamurluk:Lokal Boyalı;Bagaj:Çizik
Passat;Volkswagen;1.210.000₺;Otomatik;Dizel;1.6 Lt;Önden Çekiş;120 Hp;Yok;Yok;31.05.2024;2019;63.650 km;Sedan;Uranüs Gri;205 Km/h;586 Lt;Yok*;250;4;59;4.6 (Şİ) / 3.8 (ŞD);16;Sağ Ön Çamurluk:Değişen;Sağ Ön Kapı:Boyalı
Passat;Volkswagen;1.182.000₺;Otomatik;Dizel;1.6 Lt;Önden Çekiş;120 Hp;Yok;Yok;24.06.2024;2019;119.457 km;Sedan;Siyah;205 Km/h;586 Lt;Yok*;250;4;59;4.6 (Şİ) / 3.8 (ŞD);16;Kaput:Boyalı;Ön Tampon:Boyalı, Çizik;Arka Tampon:Lokal Boyalı;Bagaj:Çizik
Passat;Volkswagen;1.170.000₺;Otomatik;Dizel;1.6 Lt;Önden Çekiş;120 Hp;Yok;Yok;28.06.2024;2019;127.921 km;Sedan;Beyaz;205 Km/h;586 Lt;Yok*;250;4;59;4.6 (Şİ) / 3.8 (ŞD);16;Sol Ön Çamurluk:Boyalı
Polo;Volkswagen;1.170.000₺;Otomatik;Dizel;1.6 Lt;Önden Çekiş;95 Hp;Yok;Yok;28.08.2025;2019;49.527 km;Hatchback;Beyaz;185 Km/h;351 Lt;Yok*;250;4;40;4.4 (Şİ) / 3.8 (ŞD);16;Kaput:Boyalı;Sağ Ön Çamurluk:Değişen
Passat;Volkswagen;1.157.500₺;Otomatik;Dizel;1.6 Lt;Önden Çekiş;120 Hp;Yok;Yok;13.08.2024;2019;69.224 km;Sedan;Beyaz;205 Km/h;586 Lt;Yok*;250;4;59;4.6 (Şİ) / 3.8 (ŞD);16;Kaput:Değişen;Sağ Ön Çamurluk:Boyalı;Sol Ön Çamurluk:Lokal Boyalı
T-ROC;Volkswagen;1.120.000₺;Otomatik;Benzin;1.5 Lt;Önden Çekiş;150 Hp;Yok;Yok;10.01.2024;2019;67.030 km;Arazi aracı;Turuncu;205 Km/h;445 Lt;Yok*;250;4;50;6.6 (Şİ) / 4.6 (ŞD);16;Ön Tampon:Boyalı, Çizik;Sağ Ön Çamurluk:Ezik;Sağ Ön Kapı:Çizik;Sağ Arka Kapı:Çizik;Sol Ön Çamurluk:Değişen;Arka Tampon:Çizik
Golf;Volkswagen;1.099.500₺;Otomatik;Benzin;1.5 Lt;Önden Çekiş;150 Hp;Yok;Yok;10.01.2025;2019;47.258 km;Hatchback;Gri;216 Km/h;380 Lt;Yok*;250;4;50;6.5 (Şİ) / 4.3 (ŞD);16;Sağ Ön Çamurluk:Boyalı;Sağ Arka Çamurluk:Boyalı
Golf;Volkswagen;1.034.900₺;Otomatik;Dizel;1.6 Lt;Önden Çekiş;115 Hp;Yok;Yok;13.04.2024;2019;84.965 km;Hatchback;Beyaz;198 Km/h;380 Lt;Yok*;250;4;50;4.4 (Şİ) / 3.9 (ŞD);16;Sol Arka Kapı:Boyalı;Sol Arka Çamurluk:Boyalı
Golf;Volkswagen;1.025.900₺;Otomatik;Benzin;1 Lt;Önden Çekiş;115 Hp;Yok;Yok;10.06.2024;2019;78.162 km;Hatchback;Gri;198 Km/h;380 Lt;Yok*;200;3;50;5.4 (Şİ) / 4.5 (ŞD);12;Sol Ön Kapı:Boyalı
Golf;Volkswagen;1.012.000₺;Otomatik;Benzin;1.5 Lt;Önden Çekiş;150 Hp;Yok;Yok;5.12.2024;2019;99.670 km;Hatchback;Saf Beyaz;216 Km/h;380 Lt;Yok*;250;4;50;6.5 (Şİ) / 4.3 (ŞD);16;Ön Tampon:Boyalı, Hasarlı;Sağ Ön Çamurluk:Boyalı;Sağ Ön Kapı:Değişen;Sağ Arka Kapı:Değişen;Sağ Arka Çamurluk:Lokal Boyalı;Sol Arka Kapı:Boyalı;Sol Arka Çamurluk:Boyalı;Arka Tampon:Çizik;Sağ Marşpiye:Değişen
Golf;Volkswagen;998.750₺;Otomatik;Dizel;1.6 Lt;Önden Çekiş;115 Hp;Yok;Yok;11.02.2022;2019;92.684 km;Hatchback;Gri;198 Km/h;380 Lt;Yok*;250;4;50;4.4 (Şİ) / 3.9 (ŞD);16;Sağ Ön Çamurluk:Değişen
Golf;Volkswagen;994.750₺;Otomatik;Dizel;1.6 Lt;Önden Çekiş;115 Hp;Yok;Yok;11.02.2022;2019;87.832 km;Hatchback;Beyaz;198 Km/h;380 Lt;Yok*;250;4;50;4.4 (Şİ) / 3.9 (ŞD);16;Kaput:Lokal Boyalı;Sol Ön Çamurluk:Değişen
Golf;Volkswagen;979.000₺;Otomatik;Dizel;1.6 Lt;Önden Çekiş;115 Hp;Yok;Yok;11.03.2024;2019;107.449 km;Hatchback;Beyaz;198 Km/h;380 Lt;Yok*;250;4;50;4.4 (Şİ) / 3.9 (ŞD);16;Kaput:Değişen;Ön Tampon:Boyalı, Çizik;Sağ Arka Kapı:Boyalı, Ezik;Sağ Arka Çamurluk:Çizik;Sol Ön Çamurluk:Boyalı;Sol Arka Kapı:Ezik;Sol Arka Çamurluk:Çizik;Arka Tampon:Boyalı, Çizik;Bagaj:Boyalı
Polo;Volkswagen;973.500₺;Otomatik;Dizel;1.6 Lt;Önden Çekiş;95 Hp;Yok;Yok;15.09.2025;2019;150.500 km;Hatchback;Beyaz;185 Km/h;351 Lt;Yok*;250;4;40;4.4 (Şİ) / 3.8 (ŞD);16;Sağ Arka Kapı:Boyalı;Sağ Arka Çamurluk:Boyalı;Sağ Marşpiye:Boyalı
Polo;Volkswagen;919.900₺;Otomatik;Dizel;1.6 Lt;Önden Çekiş;95 Hp;Yok;Yok;21.10.2024;2019;88.292 km;Hatchback;Beyaz;185 Km/h;351 Lt;Yok*;250;4;40;4.4 (Şİ) / 3.8 (ŞD);16
Polo;Volkswagen;909.500₺;Otomatik;Benzin;1 Lt;Önden Çekiş;95 Hp;Yok;Yok;22.04.2024;2019;83.216 km;Hatchback;Mavi;187 Km/h;351 Lt;Yok*;175;3;40;5.2 (Şİ) / 4.4 (ŞD);12;Sol Ön Çamurluk:Boyalı
Polo;Volkswagen;899.900₺;Otomatik;Dizel;1.6 Lt;Önden Çekiş;95 Hp;Yok;Yok;14.12.2024;2019;69.212 km;Hatchback;Gri;185 Km/h;351 Lt;Yok*;250;4;40;4.4 (Şİ) / 3.8 (ŞD);16;Sol Ön Çamurluk:Boyalı;Sol Arka Çamurluk:Boyalı
Caddy;Volkswagen;898.000₺;Otomatik;Benzin;1.4 Lt;Önden Çekiş;125 Hp;Yok;Yok;3.04.2025;2019;73.938 km;Cityvan;Sarı;183 Km/h;Yok*;Yok*;220;4;55;6.9 (Şİ) / 5.5 (ŞD);16
Polo;Volkswagen;873.000₺;Otomatik;Dizel;1.6 Lt;Önden Çekiş;95 Hp;Yok;Yok;7.11.2022;2019;150.582 km;Hatchback;Gri;185 Km/h;351 Lt;Yok*;250;4;40;4.4 (Şİ) / 3.8 (ŞD);16;Ön Tampon:Boyalı, Çizik;Sağ Ön Çamurluk:Çizik;Sağ Ön Kapı:Çizik, Ezik;Sol Arka Çamurluk:Çizik;Arka Tampon:Boyalı, Çizik
Polo;Volkswagen;865.000₺;Otomatik;Dizel;1.6 Lt;Önden Çekiş;95 Hp;Yok;Yok;11.01.2025;2019;59.060 km;Hatchback;Beyaz;185 Km/h;351 Lt;Yok*;250;4;40;4.4 (Şİ) / 3.8 (ŞD);16;Sağ Ön Çamurluk:Değişen;Sağ Ön Kapı:Değişen;Sağ Arka Kapı:Boyalı;Sağ Arka Çamurluk:Boyalı;Sol Ön Çamurluk:Lokal Boyalı;Sol Arka Çamurluk:Çizik;Arka Tampon:Çizik
Corolla;Toyota;1.000.000₺;Multitronic;Benzin;1.6 Lt;Önden Çekiş;132 Hp;Yok;Yok;27.07.2024;2019;40.531 km;Sedan;Kar Beyazı;190 Km/h;471 Lt;Yok*;159;4;50;7.3 (Şİ) / 4.5 (ŞD);16;Tavan:Ezik;Kaput:Çizik;Ön Tampon:Çizik;Sağ Ön Çamurluk:Ezik;Sağ Arka Çamurluk:Ezik;Sol Ön Kapı:Ezik;Sol Arka Kapı:Ezik
Corolla;Toyota;964.000₺;Multitronic;Benzin;1.6 Lt;Önden Çekiş;132 Hp;Yok;Yok;29.12.2022;2019;49.575 km;Sedan;Beyaz;190 Km/h;471 Lt;Yok*;159;4;50;7.3 (Şİ) / 4.5 (ŞD);16;Ön Tampon:Çizik;Sol Arka Çamurluk:Ezik
Karoq;Skoda;1.575.000₺;Otomatik;Dizel;1.6 Lt;Önden Çekiş;115 Hp;Yok;Yok;29.11.2024;2019;35.400 km;Arazi aracı;Çelik Gri;186 Km/h;521 Lt;Yok*;250;4;50;5.2 (Şİ) / 4.5 (ŞD);16;Sağ Arka Kapı:Boyalı
Kodiaq;Skoda;1.561.000₺;Otomatik;Benzin;1.5 Lt;Önden Çekiş;150 Hp;Yok;Yok;4.01.2025;2019;77.050 km;Arazi aracı;Business Gri;198 Km/h;720 Lt;Yok*;250;4;58;7.2 (Şİ) / 5.4 (ŞD);16
Superb;Skoda;1.199.000₺;Otomatik;Dizel;1.6 Lt;Önden Çekiş;120 Hp;Yok;Yok;13.04.2024;2019;105.100 km;Hatchback;Gri;206 Km/h;595 Lt;Yok*;250;4;66;4.7 (Şİ) / 4.1 (ŞD);16;Sol Arka Kapı:Lokal Boyalı;Sol Arka Çamurluk:Lokal Boyalı;Arka Tampon:Boyalı
Octavia;Skoda;1.095.000₺;Otomatik;Dizel;1.6 Lt;Önden Çekiş;115 Hp;Yok;Yok;22.03.2024;2019;54.950 km;Hatchback;Beyaz;204 Km/h;568 Lt;Yok*;250;4;50;4.4 (Şİ) / 3.6 (ŞD);16
Octavia;Skoda;1.085.500₺;Otomatik;Dizel;1.6 Lt;Önden Çekiş;115 Hp;Yok;Yok;15.01.2024;2019;83.005 km;Hatchback;Beyaz;204 Km/h;568 Lt;Yok*;250;4;50;4.4 (Şİ) / 3.6 (ŞD);16
Octavia;Skoda;1.044.000₺;Otomatik;Dizel;1.6 Lt;Önden Çekiş;115 Hp;Yok;Yok;27.08.2024;2019;76.556 km;Hatchback;Beyaz;204 Km/h;568 Lt;Yok*;250;4;50;4.4 (Şİ) / 3.6 (ŞD);16;Ön Tampon:Boyalı;Sol Arka Kapı:Boyalı;Arka Tampon:Boyalı
Octavia;Skoda;1.013.000₺;Otomatik;Dizel;1.6 Lt;Önden Çekiş;115 Hp;Yok;Yok;14.10.2026;2019;124.585 km;Hatchback;Beyaz;204 Km/h;568 Lt;Yok*;250;4;50;4.4 (Şİ) / 3.6 (ŞD);16;Kaput:Çizik;Ön Tampon:Çizik;Sağ Arka Kapı:Çizik;Sağ Arka Çamurluk:Boyalı;Arka Tampon:Boyalı;Bagaj:Boyalı
Octavia;Skoda;795.000₺;Otomatik;Dizel;1.6 Lt;Önden Çekiş;115 Hp;Yok;Yok;15.06.2024;2019;318.370 km;Hatchback;Beyaz;204 Km/h;568 Lt;Yok*;250;4;50;4.4 (Şİ) / 3.6 (ŞD);16;Kaput:Boyalı;Sağ Ön Çamurluk:Boyalı;Sağ Ön Kapı:Boyalı;Sağ Arka Çamurluk:Lokal Boyalı;Sol Ön Çamurluk:Boyalı;Sol Ön Kapı:Boyalı;Bagaj:Lokal Boyalı;Sağ Marşpiye:Boyalı;Sol Marşpiye:Boyalı
Octavia;Skoda;790.000₺;Otomatik;Dizel;1.6 Lt;Önden Çekiş;115 Hp;Yok;Yok;14.06.2024;2019;342.189 km;Hatchback;Beyaz;204 Km/h;568 Lt;Yok*;250;4;50;4.4 (Şİ) / 3.6 (ŞD);16;Sol Ön Çamurluk:Değişen;Sol Ön Kapı:Değişen;Sol Arka Çamurluk:Lokal Boyalı;Sol Marşpiye:Boyalı
Octavia;Skoda;790.000₺;Otomatik;Dizel;1.6 Lt;Önden Çekiş;115 Hp;Yok;Yok;6.06.2023;2019;342.189 km;Hatchback;Beyaz;204 Km/h;568 Lt;Yok*;250;4;50;4.4 (Şİ) / 3.6 (ŞD);16;Sağ Ön Çamurluk:Boyalı;Sağ Ön Kapı:Ezik;Sağ Arka Kapı:Ezik;Sağ Arka Çamurluk:Ezik;Sol Ön Kapı:Ezik;Sol Arka Çamurluk:Boyalı;Bagaj:Boyalı;Sağ Marşpiye:Boyalı
Octavia;Skoda;780.000₺;Otomatik;Dizel;1.6 Lt;Önden Çekiş;115 Hp;Yok;Yok;13.06.2024;2019;352.774 km;Hatchback;Beyaz;204 Km/h;568 Lt;Yok*;250;4;50;4.4 (Şİ) / 3.6 (ŞD);16;Tavan:Ezik;Kaput:Çizik, Ezik;Sağ Arka Kapı:Boyalı;Sağ Arka Çamurluk:Boyalı, Ezik;Sol Ön Çamurluk:Çizik;Sol Arka Kapı:Çizik, Ezik;Sol Arka Çamurluk:Boyalı;Bagaj:Çizik, Ezik;Sağ Marşpiye:Boyalı;Sol Marşpiye:Boyalı
Octavia;Skoda;770.000₺;Otomatik;Dizel;1.6 Lt;Önden Çekiş;115 Hp;Yok;Yok;14.06.2024;2019;337.000 km;Hatchback;Beyaz;204 Km/h;568 Lt;Yok*;250;4;50;4.4 (Şİ) / 3.6 (ŞD);16;Kaput:Boyalı;Sağ Ön Kapı:Boyalı;Sağ Arka Kapı:Boyalı;Sağ Arka Çamurluk:Lokal Boyalı;Sol Ön Çamurluk:Değişen;Sol Ön Kapı:Değişen;Sol Arka Kapı:Boyalı;Sol Arka Çamurluk:Lokal Boyalı;Sağ Marşpiye:Boyalı;Sol Marşpiye:Boyalı
Ateca;SEAT;1.265.000₺;Otomatik;Dizel;1.6 Lt;Önden Çekiş;115 Hp;Yok;Yok;4.10.2022;2019;32.620 km;Arazi aracı;Gümüş;184 Km/h;510 Lt;Yok*;250;4;50;5.3 (Şİ) / 4.7 (ŞD);16
Ateca;SEAT;1.199.500₺;Otomatik;Dizel;1.6 Lt;Önden Çekiş;115 Hp;Yok;Yok;14.09.2024;2019;60.873 km;Arazi aracı;Kırmızı;184 Km/h;510 Lt;Yok*;250;4;50;5.3 (Şİ) / 4.7 (ŞD);16;Sol Ön Çamurluk:Boyalı;Sol Ön Kapı:Boyalı;Sol Arka Kapı:Boyalı;Sol Arka Çamurluk:Boyalı
Leon;SEAT;1.191.000₺;Otomatik;Dizel;1.6 Lt;Önden Çekiş;115 Hp;Yok;Yok;28.06.2024;2019;96.681 km;Hatchback;Koyu Gri;197 Km/h;380 Lt;Yok*;250;4;50;4.3 (Şİ) / 4 (ŞD);16;Ön Tampon:Boyalı, Hasarlı;Sağ Ön Çamurluk:Çizik, Ezik;Sağ Ön Kapı:Hasarlı;Sağ Arka Çamurluk:Ezik;Sol Arka Kapı:Hasarlı;Sol Arka Çamurluk:Çizik, Ezik;Arka Tampon:Hasarlı
Leon;SEAT;1.167.000₺;Otomatik;Benzin;1.5 Lt;Önden Çekiş;150 Hp;Yok;Yok;13.06.2025;2019;55.816 km;Hatchback;Gri;213 Km/h;380 Lt;Yok*;250;4;50;6.3 (Şİ) / 4.3 (ŞD);16
Leon;SEAT;1.150.000₺;Otomatik;Benzin;1.5 Lt;Önden Çekiş;150 Hp;Yok;Yok;10.01.2025;2019;29.000 km;Hatchback;Beyaz;213 Km/h;380 Lt;Yok*;250;4;50;6.3 (Şİ) / 4.3 (ŞD);16;Kaput:Değişen;Sol Ön Çamurluk:Değişen
Leon;SEAT;940.000₺;Otomatik;Dizel;1.6 Lt;Önden Çekiş;115 Hp;Yok;Yok;23.05.2022;2019;58.431 km;Hatchback;Beyaz;197 Km/h;380 Lt;Yok*;250;4;50;4.3 (Şİ) / 4 (ŞD);16;Sol Ön Çamurluk:Değişen;Bagaj:Boyalı
Megane;Renault;1.040.000₺;Otomatik;Dizel;1.5 Lt;Önden Çekiş;110 Hp;Yok;Yok;3.10.2025;2019;90.620 km;Sedan;Gri;190 Km/h;503 Lt;Yok*;250;4;49;4.1 (Şİ) / 3.6 (ŞD);8;Ön Tampon:Çizik;Sağ Ön Çamurluk:Çizik;Sağ Ön Kapı:Ezik;Arka Tampon:Çizik;Bagaj:Ezik
Megane;Renault;989.750₺;Otomatik;Dizel;1.5 Lt;Önden Çekiş;115 Hp;Yok;Yok;21.12.2024;2019;46.141 km;Sedan;Beyaz;197 Km/h;503 Lt;Yok*;260;4;49;4.6 (Şİ) / 3.7 (ŞD);8;Sağ Ön Kapı:Boyalı;Sağ Arka Çamurluk:Lokal Boyalı;Sol Arka Çamurluk:Boyalı
Megane;Renault;969.750₺;Otomatik;Dizel;1.5 Lt;Önden Çekiş;115 Hp;Yok;Yok;25.11.2024;2019;61.182 km;Sedan;Beyaz;197 Km/h;503 Lt;Yok*;260;4;49;4.6 (Şİ) / 3.7 (ŞD);8
Megane;Renault;969.750₺;Otomatik;Dizel;1.5 Lt;Önden Çekiş;115 Hp;Yok;Yok;2.12.2024;2019;56.111 km;Sedan;Beyaz;197 Km/h;503 Lt;Yok*;260;4;49;4.6 (Şİ) / 3.7 (ŞD);8
Megane;Renault;969.750₺;Otomatik;Dizel;1.5 Lt;Önden Çekiş;115 Hp;Yok;Yok;19.12.2024;2019;71.057 km;Sedan;Beyaz;197 Km/h;503 Lt;Yok*;260;4;49;4.6 (Şİ) / 3.7 (ŞD);8
Megane;Renault;965.000₺;Otomatik;Dizel;1.5 Lt;Önden Çekiş;115 Hp;Yok;Yok;12.12.2024;2019;88.447 km;Sedan;Beyaz;197 Km/h;503 Lt;Yok*;260;4;49;4.6 (Şİ) / 3.7 (ŞD);8;Sol Ön Çamurluk:Boyalı;Sol Ön Kapı:Boyalı;Sol Arka Kapı:Boyalı
Megane;Renault;965.000₺;Otomatik;Dizel;1.5 Lt;Önden Çekiş;110 Hp;Yok;Yok;16.06.2024;2019;95.000 km;Sedan;Beyaz;190 Km/h;503 Lt;Yok*;250;4;49;4.1 (Şİ) / 3.6 (ŞD);8
Megane;Renault;949.950₺;Otomatik;Dizel;1.5 Lt;Önden Çekiş;115 Hp;Yok;Yok;25.11.2024;2019;56.194 km;Sedan;Beyaz;197 Km/h;503 Lt;Yok*;260;4;49;4.6 (Şİ) / 3.7 (ŞD);8;Sağ Arka Çamurluk:Lokal Boyalı
Megane;Renault;949.950₺;Otomatik;Dizel;1.5 Lt;Önden Çekiş;115 Hp;Yok;Yok;30.11.2024;2019;54.766 km;Sedan;Beyaz;197 Km/h;503 Lt;Yok*;260;4;49;4.6 (Şİ) / 3.7 (ŞD);8;Sağ Arka Kapı:Boyalı;Bagaj:Boyalı
Megane;Renault;949.750₺;Otomatik;Dizel;1.5 Lt;Önden Çekiş;115 Hp;Yok;Yok;19.12.2024;2019;58.326 km;Sedan;Beyaz;197 Km/h;503 Lt;Yok*;260;4;49;4.6 (Şİ) / 3.7 (ŞD);8;Sağ Ön Kapı:Boyalı;Sağ Arka Kapı:Boyalı;Sağ Arka Çamurluk:Boyalı
Megane;Renault;949.750₺;Otomatik;Dizel;1.5 Lt;Önden Çekiş;115 Hp;Yok;Yok;19.12.2024;2019;89.649 km;Sedan;Beyaz;197 Km/h;503 Lt;Yok*;260;4;49;4.6 (Şİ) / 3.7 (ŞD);8;Sağ Arka Kapı:Boyalı;Sağ Arka Çamurluk:Boyalı
Megane;Renault;939.750₺;Otomatik;Dizel;1.5 Lt;Önden Çekiş;115 Hp;Yok;Yok;24.01.2025;2019;49.898 km;Sedan;Beyaz;197 Km/h;503 Lt;Yok*;260;4;49;4.6 (Şİ) / 3.7 (ŞD);8;Sağ Arka Kapı:Boyalı;Sağ Arka Çamurluk:Boyalı;Sol Arka Çamurluk:Boyalı
Megane;Renault;938.750₺;Otomatik;Dizel;1.5 Lt;Önden Çekiş;110 Hp;Yok;Yok;1.04.2024;2019;73.955 km;Sedan;Gri;190 Km/h;503 Lt;Yok*;250;4;49;4.1 (Şİ) / 3.6 (ŞD);8;Sol Arka Kapı:Boyalı;Sol Arka Çamurluk:Boyalı
Megane;Renault;919.950₺;Otomatik;Dizel;1.5 Lt;Önden Çekiş;115 Hp;Yok;Yok;9.12.2024;2019;74.670 km;Sedan;Beyaz;197 Km/h;503 Lt;Yok*;260;4;49;4.6 (Şİ) / 3.7 (ŞD);8;Sol Arka Çamurluk:Boyalı
Megane;Renault;906.500₺;Otomatik;Dizel;1.5 Lt;Önden Çekiş;110 Hp;Yok;Yok;12.12.2024;2019;59.966 km;Sedan;Beyaz;190 Km/h;503 Lt;Yok*;250;4;49;4.1 (Şİ) / 3.6 (ŞD);8;Kaput:Boyalı;Ön Tampon:Boyalı;Sağ Arka Kapı:Lokal Boyalı;Sağ Arka Çamurluk:Boyalı
Megane;Renault;899.950₺;Otomatik;Dizel;1.5 Lt;Önden Çekiş;115 Hp;Yok;Yok;18.11.2024;2019;80.084 km;Sedan;Beyaz;197 Km/h;503 Lt;Yok*;260;4;49;4.6 (Şİ) / 3.7 (ŞD);8;Sağ Arka Çamurluk:Boyalı;Bagaj:Boyalı
Megane;Renault;899.950₺;Otomatik;Dizel;1.5 Lt;Önden Çekiş;115 Hp;Yok;Yok;22.11.2024;2019;82.981 km;Sedan;Beyaz;197 Km/h;503 Lt;Yok*;260;4;49;4.6 (Şİ) / 3.7 (ŞD);8;Sağ Ön Kapı:Boyalı;Sağ Arka Çamurluk:Boyalı
Megane;Renault;898.750₺;Otomatik;Dizel;1.5 Lt;Önden Çekiş;110 Hp;Yok;Yok;26.07.2024;2019;96.666 km;Sedan;Beyaz;190 Km/h;503 Lt;Yok*;250;4;49;4.1 (Şİ) / 3.6 (ŞD);8;Sağ Ön Kapı:Boyalı;Sağ Arka Kapı:Boyalı;Sağ Arka Çamurluk:Boyalı
Megane;Renault;849.950₺;Otomatik;Dizel;1.5 Lt;Önden Çekiş;115 Hp;Yok;Yok;28.12.2024;2019;103.161 km;Sedan;Beyaz;197 Km/h;503 Lt;Yok*;260;4;49;4.6 (Şİ) / 3.7 (ŞD);8;Sağ Arka Kapı:Boyalı;Sağ Arka Çamurluk:Boyalı;Sol Arka Kapı:Lokal Boyalı;Sol Arka Çamurluk:Boyalı
Megane;Renault;849.950₺;Otomatik;Dizel;1.5 Lt;Önden Çekiş;115 Hp;Yok;Yok;9.12.2024;2019;118.372 km;Sedan;Beyaz;197 Km/h;503 Lt;Yok*;260;4;49;4.6 (Şİ) / 3.7 (ŞD);8;Sağ Ön Çamurluk:Boyalı;Sağ Ön Kapı:Boyalı;Sağ Arka Kapı:Boyalı;Sağ Arka Çamurluk:Boyalı;Sol Arka Çamurluk:Boyalı
Clio;Renault;825.000₺;Otomatik;Dizel;1.5 Lt;Önden Çekiş;90 Hp;Yok;Yok;25.08.2025;2019;99.572 km;Hatchback;Beyaz;178 Km/h;300 Lt;Yok*;220;4;45;3.9 (Şİ) / 3.3 (ŞD);8;Sol Arka Çamurluk:Boyalı;Sol Marşpiye:Boyalı
Clio;Renault;785.000₺;Otomatik;Dizel;1.5 Lt;Önden Çekiş;90 Hp;Yok;Yok;27.09.2024;2019;48.291 km;Hatchback;Beyaz;178 Km/h;300 Lt;Yok*;220;4;45;3.9 (Şİ) / 3.3 (ŞD);8;Ön Tampon:Boyalı;Sağ Ön Kapı:Lokal Boyalı;Sağ Arka Kapı:Lokal Boyalı;Sağ Arka Çamurluk:Lokal Boyalı, Çizik, Ezik;Sol Ön Çamurluk:Çizik;Sol Ön Kapı:Ezik;Sol Arka Kapı:Ezik;Sol Arka Çamurluk:Lokal Boyalı;Arka Tampon:Boyalı
Clio;Renault;747.000₺;Otomatik;Dizel;1.5 Lt;Önden Çekiş;90 Hp;Yok;Yok;15.06.2024;2019;102.526 km;Hatchback;Beyaz;178 Km/h;300 Lt;Yok*;220;4;45;3.9 (Şİ) / 3.3 (ŞD);8;Sağ Arka Kapı:Değişen, Ezik;Sağ Arka Çamurluk:Boyalı;Sol Ön Kapı:Çizik;Sol Arka Kapı:Çizik;Sol Arka Çamurluk:Çizik
Clio;Renault;695.000₺;Otomatik;Dizel;1.5 Lt;Önden Çekiş;90 Hp;Yok;Yok;20.06.2024;2019;155.992 km;Hatchback;Beyaz;178 Km/h;300 Lt;Yok*;220;4;45;3.9 (Şİ) / 3.3 (ŞD);8;Tavan:Ezik;Sağ Arka Çamurluk:Lokal Boyalı
Clio;Renault;683.000₺;Otomatik;Dizel;1.5 Lt;Önden Çekiş;90 Hp;Yok;Yok;16.05.2024;2019;164.655 km;Hatchback;Beyaz;178 Km/h;300 Lt;Yok*;220;4;45;3.9 (Şİ) / 3.3 (ŞD);8;Kaput:Boyalı;Sol Ön Kapı:Boyalı
Macan;Porsche;3.600.000₺;Otomatik;Benzin;2 Lt;4x4;252 Hp;Yok;Yok;10.05.2025;2019;83.911 km;Arazi aracı;Gri;229 Km/h;500 Lt;Yok*;370;4;65;8.4 (Şİ) / 6.4 (ŞD);16;Sağ Arka Kapı:Ezik;Arka Tampon:Boyalı
3008;Peugeot;1.279.000₺;Tiptronic;Benzin;1.6 Lt;Önden Çekiş;180 Hp;Yok;Yok;11.11.2024;2019;65.145 km;Arazi aracı;Kırmızı;222 Km/h;520 Lt;Yok*;250;4;53;7.2 (Şİ) / 4.9 (ŞD);16
208;Peugeot;847.000₺;Manuel;Benzin;1.2 Lt;Önden Çekiş;82 Hp;Yok;Yok;19.04.2024;2019;22.152 km;Hatchback;Kırmızı;175 Km/h;285 Lt;Yok*;118;3;50;5.8 (Şİ) / 4.2 (ŞD);12
Mokka X;Opel;1.005.000₺;Tiptronic;Dizel;1.6 Lt;Önden Çekiş;136 Hp;Yok;Yok;10.06.2024;2019;71.595 km;Arazi aracı;Mavi;188 Km/h;356 Lt;Yok*;320;4;52;6.9 (Şİ) / 4.9 (ŞD);16;Ön Tampon:Çizik;Sağ Ön Çamurluk:Ezik;Arka Tampon:Çizik;Bagaj:Çizik
Crossland X;Opel;940.000₺;Tiptronic;Benzin;1.2 Lt;Önden Çekiş;110 Hp;Yok;Yok;20.05.2024;2019;39.522 km;Arazi aracı;Kırmızı;187 Km/h;410 Lt;Yok*;205;3;45;6.9 (Şİ) / 5 (ŞD);12
Navara;Nissan;1.290.000₺;Tiptronic;Dizel;2.3 Lt;4x4;190 Hp;Yok;Yok;22.04.2024;2019;46.290 km;Pick-up;Siyah;180 Km/h;Yok*;Yok*;450;4;73;9.1 (Şİ) / 6.1 (ŞD);16
Qashqai;Nissan;1.125.000₺;Otomatik;Benzin;1.3 Lt;Önden Çekiş;160 Hp;Yok;Yok;3.10.2022;2019;24.812 km;Hatchback;Gümüş;198 Km/h;401 Lt;Yok*;270;4;65;6.7 (Şİ) / 4.6 (ŞD);16;Sol Arka Kapı:Boyalı;Sol Arka Çamurluk:Değişen;Arka Tampon:Boyalı;Bagaj:Boyalı
Qashqai;Nissan;1.055.000₺;Otomatik;Benzin;1.3 Lt;Önden Çekiş;160 Hp;Yok;Yok;20.12.2024;2019;78.633 km;Hatchback;Mavi;198 Km/h;401 Lt;Yok*;270;4;65;6.7 (Şİ) / 4.6 (ŞD);16
X-Class;Mercedes-Benz;2.149.750₺;Tiptronic;Dizel;3 Lt;4x4;258 Hp;Yok;Yok;24.06.2024;2019;118.110 km;Pick-up;Siyah;205 Km/h;Yok*;Yok*;550;6;73;10 (Şİ) / 8.1 (ŞD);24
Range Rover Sport;Land Rover;5.459.750₺;Tiptronic;Benzin;2 Lt;4x4;300 Hp;Yok;Yok;19.08.2024;2019;74.174 km;Arazi aracı;Siyah;234 Km/h;489 Lt;Yok*;400;4;63;7.5 (Şİ) / 5.5 (ŞD);16
Sportage;KIA;1.050.000₺;Otomatik;Dizel;1.6 Lt;Önden Çekiş;136 Hp;Yok;Yok;5.08.2024;2019;106.950 km;Arazi aracı;Kozmik Mavi;180 Km/h;467 Lt;Yok*;320;4;62;5 (Şİ) / 4.5 (ŞD);16
Civic;Honda;1.342.000₺;Manuel;Benzin;1.6 Lt;Önden Çekiş;125 Hp;Yok;Yok;8.10.2024;2019;44.262 km;Sedan;Gri;205 Km/h;519 Lt;Yok*;152;4;46;8.6 (Şİ) / 5.2 (ŞD);16;Sağ Arka Kapı:Çizik;Bagaj:Çizik
KUGA;Ford;1.125.000₺;Otomatik;Dizel;1.5 Lt;Önden Çekiş;120 Hp;Yok;Yok;21.10.2024;2019;101.134 km;Arazi aracı;Gri;171 Km/h;456 Lt;Yok*;300;4;60;6.4 (Şİ) / 5.8 (ŞD);16;Sağ Ön Kapı:Ezik;Sol Arka Çamurluk:Ezik
Focus;Ford;1.049.950₺;Tiptronic;Dizel;1.5 Lt;Önden Çekiş;120 Hp;Yok;Yok;5.02.2024;2019;73.150 km;Sedan;Beyaz;196 Km/h;511 Lt;Yok*;300;4;47;4.9 (Şİ) / 4 (ŞD);16;Sol Ön Çamurluk:Boyalı;Sol Ön Kapı:Boyalı;Sol Arka Kapı:Boyalı;Sol Arka Çamurluk:Boyalı
Focus;Ford;1.010.000₺;Tiptronic;Benzin;1.5 Lt;Önden Çekiş;123 Hp;Yok;Yok;14.09.2023;2019;54.226 km;Sedan;Mavi;194 Km/h;511 Lt;Yok*;150;3;52;9 (Şİ) / 5 (ŞD);12
Egea;Fiat;825.000₺;Tiptronic;Benzin;1.6 Lt;Önden Çekiş;110 Hp;Yok;Yok;10.06.2024;2019;99.090 km;Sedan;Beyaz;192 Km/h;520 Lt;Yok*;152;4;45;8.5 (Şİ) / 5 (ŞD);16;Tavan:Ezik;Ön Tampon:Ezik;Sağ Arka Çamurluk:Çizik;Sol Arka Çamurluk:Boyalı;Arka Tampon:Boyalı
Egea;Fiat;817.500₺;Otomatik;Dizel;1.6 Lt;Önden Çekiş;120 Hp;Yok;Yok;17.10.2023;2019;86.139 km;Sedan;Beyaz;200 Km/h;520 Lt;Yok*;320;4;45;4.5 (Şİ) / 3.5 (ŞD);16
Egea;Fiat;812.500₺;Otomatik;Dizel;1.6 Lt;Önden Çekiş;120 Hp;Yok;Yok;17.10.2023;2019;81.277 km;Sedan;Beyaz;200 Km/h;520 Lt;Yok*;320;4;45;4.5 (Şİ) / 3.5 (ŞD);16;Sağ Ön Kapı:Boyalı
Egea;Fiat;812.500₺;Otomatik;Dizel;1.6 Lt;Önden Çekiş;120 Hp;Yok;Yok;17.10.2023;2019;82.235 km;Sedan;Beyaz;200 Km/h;520 Lt;Yok*;320;4;45;4.5 (Şİ) / 3.5 (ŞD);16;Sağ Arka Çamurluk:Boyalı
Egea;Fiat;782.000₺;Otomatik;Dizel;1.6 Lt;Önden Çekiş;120 Hp;Yok;Yok;8.07.2024;2019;94.430 km;Wagon;İnci Gri;200 Km/h;530 Lt;Yok*;320;4;50;4.5 (Şİ) / 3.5 (ŞD);16;Ön Tampon:Hasarlı;Sağ Arka Kapı:Değişen;Sağ Arka Çamurluk:Değişen;Arka Tampon:Hasarlı;Sağ Marşpiye:Boyalı;Sol Marşpiye:Hasarlı
Egea;Fiat;772.000₺;Otomatik;Dizel;1.6 Lt;Önden Çekiş;120 Hp;Yok;Yok;27.12.2024;2019;50.007 km;Sedan;Beyaz;200 Km/h;520 Lt;Yok*;320;4;45;4.5 (Şİ) / 3.5 (ŞD);16;Tavan:Ezik;Ön Tampon:Boyalı, Çizik;Sağ Arka Kapı:Çizik, Ezik;Sol Ön Çamurluk:Değişen;Sol Arka Çamurluk:Ezik;Bagaj:Ezik
Egea;Fiat;679.000₺;Otomatik;Dizel;1.6 Lt;Önden Çekiş;120 Hp;Yok;Yok;27.05.2024;2019;107.050 km;Sedan;Beyaz;200 Km/h;520 Lt;Yok*;320;4;45;4.5 (Şİ) / 3.5 (ŞD);16;Sağ Ön Çamurluk:Boyalı;Sağ Ön Kapı:Ezik;Sağ Arka Kapı:Ezik;Sağ Arka Çamurluk:Ezik;Sol Ön Çamurluk:Ezik;Bagaj:Lokal Boyalı
Egea;Fiat;677.000₺;Manuel;Dizel;1.2 Lt;Önden Çekiş;95 Hp;Yok;Yok;6.05.2024;2019;48.000 km;Sedan;Beyaz;180 Km/h;520 Lt;Yok*;200;4;45;5.2 (Şİ) / 3.5 (ŞD);16;Ön Tampon:Boyalı;Sağ Arka Çamurluk:Lokal Boyalı, Hasarlı;Sol Arka Çamurluk:Lokal Boyalı;Arka Tampon:Boyalı;Bagaj:Ezik;Sağ Marşpiye:Boyalı;Sol Marşpiye:Boyalı
Egea;Fiat;653.000₺;Manuel;Dizel;1.2 Lt;Önden Çekiş;95 Hp;Yok;Var;11.09.2025;2019;125.053 km;Sedan;Beyaz;180 Km/h;520 Lt;Yok*;200;4;45;5.2 (Şİ) / 3.5 (ŞD);16;Kaput:Çizik;Ön Tampon:Çizik;Sağ Ön Çamurluk:Ezik;Sağ Ön Kapı:Çizik;Sağ Arka Çamurluk:Çizik, Ezik;Sol Arka Kapı:Çizik, Ezik;Sol Arka Çamurluk:Çizik, Ezik;Arka Tampon:Çizik;Bagaj:Çizik;Sağ Marşpiye:Ezik
Egea;Fiat;599.000₺;Manuel;Dizel;1.2 Lt;Önden Çekiş;95 Hp;Yok;Yok;2.04.2024;2019;125.494 km;Sedan;Beyaz;180 Km/h;520 Lt;Yok*;200;4;45;5.2 (Şİ) / 3.5 (ŞD);16;Sağ Ön Çamurluk:Değişen;Sağ Arka Kapı:BoyalıEgea;Fiat;565.000₺;Manuel;Dizel;1.2 Lt;Önden Çekiş;95 Hp;Yok;Yok;11.11.2024;2019;164.314 km;Sedan;Beyaz;180 Km/h;520 Lt;Yok*;200;4;45;5.2 (Şİ) / 3.5 (ŞD);16;Sağ Arka Kapı:Boyalı;Sağ Arka Çamurluk:Boyalı;Sol Arka Kapı:Boyalı;Sol Arka Çamurluk:Boyalı
Egea;Fiat;599.000₺;Manuel;Dizel;1.2 Lt;Önden Çekiş;95 Hp;Yok;Yok;2.04.2024;2019;125.494 km;Sedan;Beyaz;180 Km/h;520 Lt;Yok*;200;4;45;5.2 (Şİ) / 3.5 (ŞD);16;Sağ Ön Çamurluk:Değişen;Sağ Arka Kapı:Boyalı
Egea;Fiat;565.000₺;Manuel;Dizel;1.2 Lt;Önden Çekiş;95 Hp;Yok;Yok;11.11.2024;2019;164.314 km;Sedan;Beyaz;180 Km/h;520 Lt;Yok*;200;4;45;5.2 (Şİ) / 3.5 (ŞD);16;Sağ Arka Kapı:Boyalı;Sağ Arka Çamurluk:Boyalı;Sol Arka Kapı:Boyalı;Sol Arka Çamurluk:Boyalı
Sandero;Dacia;737.000₺;Manuel;Dizel;1.5 Lt;Önden Çekiş;95 Hp;Yok;Yok;13.12.2024;2019;81.313 km;Hatchback;Siyah;179 Km/h;320 Lt;Yok*;220;4;50;4.1 (Şİ) / 3.8 (ŞD);8;Ön Tampon:Boyalı;Sağ Ön Çamurluk:Çizik;Sağ Ön Kapı:Çizik;Sağ Arka Kapı:Ezik;Sol Ön Çamurluk:Ezik;Sol Ön Kapı:Çizik;Sol Arka Kapı:Boyalı, Hasarlı;Sol Arka Çamurluk:Boyalı, Ezik;Arka Tampon:Boyalı, Çizik;Bagaj:Ezik;Sağ Marşpiye:Çizik;Sol Marşpiye:Boyalı
C3;Citroen;960.000₺;Tiptronic;Benzin;1.2 Lt;Önden Çekiş;110 Hp;Yok;Yok;25.10.2023;2019;72.520 km;Hatchback;Beyaz;191 Km/h;300 Lt;Yok*;205;3;45;6.2 (Şİ) / 4.4 (ŞD);12;Sağ Arka Kapı:Ezik;Sağ Arka Çamurluk:Ezik;Bagaj:Ezik
5 Serisi;BMW;2.499.750₺;Tiptronic;Benzin;1.6 Lt;Arkadan İtiş;170 Hp;Yok;Yok;12.12.2024;2019;45.258 km;Sedan;Metalik Siyah;235 Km/h;530 Lt;Yok*;290;4;68;6.8 (Şİ) / 4.9 (ŞD);16;Sağ Ön Çamurluk:Boyalı;Sol Ön Çamurluk:Boyalı;Sol Arka Kapı:Boyalı;Sol Arka Çamurluk:Boyalı
3 Serisi;BMW;2.075.000₺;Tiptronic;Benzin;1.6 Lt;Arkadan İtiş;170 Hp;Yok;Yok;4.11.2024;2019;38.704 km;Sedan;Siyah;232 Km/h;480 Lt;Yok*;250;4;59;0 (Şİ) / 0 (ŞD);16
3 Serisi;BMW;1.989.750₺;Tiptronic;Benzin;1.5 Lt;Arkadan İtiş;170 Hp;Yok;Yok;25.11.2024;2019;76.949 km;Sedan;Metalik Siyah;232 Km/h;480 Lt;Yok*;220;3;60;7.6 (Şİ) / 5.1 (ŞD);12
Q8;Audi;5.250.000₺;Tiptronic;Dizel;3 Lt;4x4;286 Hp;Yok;Yok;30.03.2024;2019;253.079 km;Arazi aracı;Mavi;245 Km/h;605 Lt;Yok*;600;6;85;7.1 (Şİ) / 6.4 (ŞD);24
A6;Audi;3.499.500₺;Otomatik;Dizel;2 Lt;4x4;204 Hp;Yok;Yok;31.08.2024;2019;73.550 km;Wagon;Mavi;241 Km/h;565 Lt;Yok*;400;4;63;4.8 (Şİ) / 4.1 (ŞD);16
A5;Audi;2.399.000₺;Otomatik;Dizel;2 Lt;4x4;190 Hp;Yok;Yok;11.11.2022;2019;78.746 km;Hatchback;Gri;235 Km/h;480 Lt;Yok*;400;4;58;5.6 (Şİ) / 4.4 (ŞD);16;Kaput:Lokal Boyalı;Sol Ön Kapı:Değişen;Sol Arka Çamurluk:Boyalı;Bagaj:Lokal Boyalı
A4;Audi;2.048.000₺;Otomatik;Dizel;2 Lt;Önden Çekiş;190 Hp;Yok;Yok;8.11.2024;2019;116.818 km;Sedan;Metalik Gri;241 Km/h;460 Lt;Yok*;400;4;40;4.8 (Şİ) / 3.9 (ŞD);16;Kaput:Ezik;Ön Tampon:Değişen;Sağ Ön Kapı:Ezik;Sağ Arka Kapı:Ezik;Sol Arka Kapı:Ezik;Sol Arka Çamurluk:Ezik
Q2;Audi;1.502.000₺;Otomatik;Benzin;1.4 Lt;Önden Çekiş;150 Hp;Yok;Yok;4.08.2024;2019;61.558 km;Arazi aracı;Gri;212 Km/h;405 Lt;Yok*;250;4;50;6 (Şİ) / 4.6 (ŞD);16;Ön Tampon:Çizik;Sağ Arka Kapı:Hasarlı;Sol Arka Kapı:Çizik;Sol Arka Çamurluk:Çizik;Arka Tampon:Çizik
Q2;Audi;1.300.000₺;Otomatik;Dizel;1.6 Lt;Önden Çekiş;116 Hp;Yok;Yok;10.01.2025;2019;142.507 km;Arazi aracı;Metalik Gri;197 Km/h;405 Lt;Yok*;250;4;50;4.9 (Şİ) / 4.2 (ŞD);16
A3;Audi;1.225.000₺;Otomatik;Dizel;1.6 Lt;Önden Çekiş;116 Hp;Yok;Yok;27.06.2024;2019;102.005 km;Hatchback;Gri;202 Km/h;380 Lt;Yok*;250;4;50;4.2 (Şİ) / 3.7 (ŞD);16;Ön Tampon:Boyalı, Çizik;Arka Tampon:Çizik
A3;Audi;1.155.900₺;Otomatik;Dizel;1.6 Lt;Önden Çekiş;116 Hp;Yok;Yok;4.01.2024;2019;82.840 km;Hatchback;Siyah;202 Km/h;380 Lt;Yok*;250;4;50;4.2 (Şİ) / 3.7 (ŞD);16
A3;Audi;1.100.000₺;Otomatik;Dizel;1.6 Lt;Önden Çekiş;116 Hp;Yok;Yok;12.11.2024;2019;95.131 km;Hatchback;Gri;202 Km/h;380 Lt;Yok*;250;4;50;4.2 (Şİ) / 3.7 (ŞD);16;Sağ Ön Çamurluk:Değişen;Sol Ön Çamurluk:Boyalı;Arka Tampon:Değişen
S90;Volvo;2.635.000₺;Tiptronic;Dizel;2 Lt;4x4;235 Hp;Yok;Yok;2.06.2025;2018;121.200 km;Sedan;Gri;240 Km/h;500 Lt;Yok*;480;4;60;6.4 (Şİ) / 4.9 (ŞD);16;Ön Tampon:Çizik;Sağ Arka Çamurluk:Çizik, Ezik;Arka Tampon:Çizik
Amarok;Volkswagen;1.870.000₺;Tiptronic;Dizel;3 Lt;4x4;224 Hp;Yok;Yok;30.09.2024;2018;137.983 km;Pick-up;Beyaz;191 Km/h;Yok*;Yok*;550;6;80;9 (Şİ) / 7.6 (ŞD);24;Kaput:Ezik;Ön Tampon:Çizik;Sağ Ön Kapı:Ezik;Sol Ön Çamurluk:Ezik;Sol Arka Çamurluk:Çizik;Bagaj:Ezik
Tiguan;Volkswagen;1.788.000₺;Otomatik;Dizel;2 Lt;4x4;150 Hp;Yok;Yok;16.10.2025;2018;126.600 km;Arazi aracı;Saf Beyaz;200 Km/h;615 Lt;Yok*;340;4;60;6.7 (Şİ) / 5 (ŞD);16;Kaput:Lokal Boyalı;Ön Tampon:Boyalı;Sağ Ön Çamurluk:Değişen;Sağ Ön Kapı:Boyalı;Sol Arka Çamurluk:Hasarlı;Arka Tampon:Boyalı
Passat;Volkswagen;1.595.000₺;Otomatik;Benzin;1.4 Lt;Önden Çekiş;125 Hp;Yok;Yok;28.12.2023;2018;30.640 km;Sedan;Beyaz;208 Km/h;586 Lt;Yok*;200;4;59;6 (Şİ) / 4.4 (ŞD);16;Arka Tampon:Boyalı
Tiguan;Volkswagen;1.499.000₺;Otomatik;Benzin;1.4 Lt;Önden Çekiş;150 Hp;Yok;Yok;8.03.2025;2018;107.388 km;Arazi aracı;Beyaz;200 Km/h;615 Lt;Yok*;250;4;58;7.3 (Şİ) / 5.4 (ŞD);16
Tiguan Allspace;Volkswagen;1.475.000₺;Otomatik;Benzin;1.4 Lt;Önden Çekiş;150 Hp;Yok;Yok;1.01.2025;2018;90.162 km;Arazi aracı;Siyah;198 Km/h;700 Lt;Yok*;250;4;58;7.6 (Şİ) / 5.7 (ŞD);16;Arka Tampon:Boyalı
Passat;Volkswagen;1.470.000₺;Otomatik;Dizel;1.6 Lt;Önden Çekiş;120 Hp;Yok;Yok;5.08.2025;2018;84.701 km;Sedan;Harvard Mavi;206 Km/h;586 Lt;Yok*;250;4;59;4.6 (Şİ) / 3.8 (ŞD);16;Ön Tampon:Çizik;Sağ Ön Kapı:Çizik;Sağ Arka Kapı:Çizik;Arka Tampon:Çizik;Bagaj:Çizik
Passat;Volkswagen;1.408.000₺;Otomatik;Benzin;1.4 Lt;Önden Çekiş;125 Hp;Yok;Yok;28.03.2025;2018;118.577 km;Sedan;Beyaz;208 Km/h;586 Lt;Yok*;200;4;59;6 (Şİ) / 4.4 (ŞD);16;Ön Tampon:Boyalı, Çizik;Sağ Ön Çamurluk:Çizik;Sağ Arka Çamurluk:Çizik;Sol Ön Kapı:Ezik;Arka Tampon:Boyalı, Çizik
Passat;Volkswagen;1.390.000₺;Otomatik;Dizel;1.6 Lt;Önden Çekiş;120 Hp;Yok;Yok;7.07.2025;2018;77.800 km;Sedan;Mavi;206 Km/h;586 Lt;Yok*;250;4;59;4.6 (Şİ) / 3.8 (ŞD);16;Kaput:Çizik;Sol Ön Çamurluk:Çizik;Sol Ön Kapı:Çizik
Tiguan;Volkswagen;1.375.000₺;Manuel;Benzin;1.4 Lt;Önden Çekiş;125 Hp;Yok;Yok;28.04.2025;2018;77.647 km;Arazi aracı;Gri;190 Km/h;615 Lt;Yok*;200;4;58;7.4 (Şİ) / 5.2 (ŞD);16;Sağ Ön Kapı:Çizik;Sol Ön Kapı:Çizik;Sol Arka Kapı:Çizik;Arka Tampon:Çizik
Passat Variant;Volkswagen;1.369.000₺;Otomatik;Dizel;1.6 Lt;Önden Çekiş;120 Hp;Yok;Yok;12.08.2025;2018;89.869 km;Wagon;Gri;204 Km/h;650 Lt;Yok*;250;4;59;4.5 (Şİ) / 3.7 (ŞD);16;Sağ Ön Çamurluk:Ezik
Tiguan;Volkswagen;1.329.900₺;Otomatik;Benzin;1.4 Lt;Önden Çekiş;150 Hp;Yok;Yok;31.07.2025;2018;25.305 km;Arazi aracı;Gri;200 Km/h;615 Lt;Yok*;250;4;58;7.3 (Şİ) / 5.4 (ŞD);16;Sağ Arka Kapı:Değişen
Passat;Volkswagen;1.325.000₺;Otomatik;Dizel;1.6 Lt;Önden Çekiş;120 Hp;Yok;Yok;6.03.2025;2018;41.075 km;Sedan;Beyaz;206 Km/h;586 Lt;Yok*;250;4;59;4.6 (Şİ) / 3.8 (ŞD);16
Passat;Volkswagen;1.321.000₺;Manuel;Benzin;1.4 Lt;Önden Çekiş;125 Hp;Yok;Yok;6.10.2025;2018;154.956 km;Sedan;Mavi;208 Km/h;586 Lt;Yok*;200;4;59;6.8 (Şİ) / 4.4 (ŞD);16;Ön Tampon:Boyalı, Çizik, Hasarlı;Sağ Arka Çamurluk:Çizik;Sol Arka Kapı:Çizik;Sol Arka Çamurluk:Çizik;Arka Tampon:Boyalı;Sağ Marşpiye:Ezik;Sol Marşpiye:Ezik
Tiguan;Volkswagen;1.320.000₺;Otomatik;Benzin;1.4 Lt;Önden Çekiş;150 Hp;Yok;Yok;19.06.2025;2018;92.955 km;Arazi aracı;Gri;200 Km/h;615 Lt;Yok*;250;4;58;7.3 (Şİ) / 5.4 (ŞD);16
Passat;Volkswagen;1.310.000₺;Otomatik;Dizel;1.6 Lt;Önden Çekiş;120 Hp;Yok;Yok;27.09.2023;2018;50.250 km;Sedan;Uranus Gri;206 Km/h;586 Lt;Yok*;250;4;59;4.6 (Şİ) / 3.8 (ŞD);16;Arka Tampon:Çizik
Passat;Volkswagen;1.300.000₺;Otomatik;Benzin;1.4 Lt;Önden Çekiş;125 Hp;Yok;Yok;17.09.2026;2018;124.509 km;Sedan;Pirit Gümüş;208 Km/h;586 Lt;Yok*;200;4;59;6 (Şİ) / 4.4 (ŞD);16;Sağ Ön Çamurluk:Boyalı;Sağ Ön Kapı:Boyalı;Bagaj:Lokal Boyalı
Passat;Volkswagen;1.299.000₺;Otomatik;Dizel;1.6 Lt;Önden Çekiş;120 Hp;Yok;Yok;15.08.2025;2018;30.255 km;Sedan;Saf Beyaz;206 Km/h;586 Lt;Yok*;250;4;59;4.6 (Şİ) / 3.8 (ŞD);16;Ön Tampon:Çizik;Sol Arka Çamurluk:Boyalı;Arka Tampon:Çizik
Tiguan;Volkswagen;1.290.000₺;Manuel;Benzin;1.4 Lt;Önden Çekiş;125 Hp;Yok;Yok;14.07.2025;2018;104.420 km;Arazi aracı;Beyaz;190 Km/h;615 Lt;Yok*;200;4;58;7.4 (Şİ) / 5.2 (ŞD);16
Passat;Volkswagen;1.269.500₺;Otomatik;Dizel;1.6 Lt;Önden Çekiş;120 Hp;Yok;Yok;23.08.2025;2018;94.221 km;Sedan;Gri;206 Km/h;586 Lt;Yok*;250;4;59;4.6 (Şİ) / 3.8 (ŞD);16;Sol Ön Çamurluk:Boyalı;Sol Arka Çamurluk:Boyalı
Tiguan;Volkswagen;1.257.000₺;Otomatik;Benzin;1.4 Lt;Önden Çekiş;150 Hp;Yok;Yok;20.01.2025;2018;69.109 km;Arazi aracı;Gri;200 Km/h;615 Lt;Yok*;250;4;58;7.3 (Şİ) / 5.4 (ŞD);16;Ön Tampon:Çizik
Passat;Volkswagen;1.212.000₺;Otomatik;Dizel;1.6 Lt;Önden Çekiş;120 Hp;Yok;Yok;15.06.2025;2018;82.712 km;Sedan;Pirit Gümüş;206 Km/h;586 Lt;Yok*;250;4;59;4.6 (Şİ) / 3.8 (ŞD);16;Ön Tampon:Çizik, Hasarlı;Sağ Ön Çamurluk:Ezik;Sol Ön Kapı:Ezik;Sol Arka Çamurluk:Ezik;Arka Tampon:Çizik
Passat;Volkswagen;1.187.000₺;Otomatik;Benzin;1.4 Lt;Önden Çekiş;125 Hp;Yok;Yok;14.06.2025;2018;47.862 km;Sedan;Beyaz;208 Km/h;586 Lt;Yok*;200;4;59;6 (Şİ) / 4.4 (ŞD);16;Kaput:Boyalı;Ön Tampon:Değişen;Sağ Arka Çamurluk:Ezik;Arka Tampon:Çizik;Sol Marşpiye:Ezik
Passat;Volkswagen;1.175.000₺;Otomatik;Dizel;1.6 Lt;Önden Çekiş;120 Hp;Yok;Yok;18.06.2024;2018;76.055 km;Sedan;Gri;206 Km/h;586 Lt;Yok*;250;4;59;4.6 (Şİ) / 3.8 (ŞD);16;Ön Tampon:Boyalı, Çizik;Sağ Ön Çamurluk:Değişen;Sağ Ön Kapı:Hasarlı;Sağ Arka Kapı:Boyalı;Sağ Arka Çamurluk:Boyalı;Sol Arka Kapı:Çizik;Sol Arka Çamurluk:Ezik, Hasarlı;Arka Tampon:Boyalı, Çizik
Golf;Volkswagen;1.155.000₺;Otomatik;Benzin;1.4 Lt;Önden Çekiş;125 Hp;Yok;Yok;31.07.2023;2018;19.958 km;Hatchback;Beyaz;204 Km/h;380 Lt;Yok*;200;4;50;6.3 (Şİ) / 4.5 (ŞD);16;Kaput:Değişen;Sol Ön Çamurluk:Değişen
Passat;Volkswagen;1.152.000₺;Otomatik;Dizel;1.6 Lt;Önden Çekiş;120 Hp;Yok;Yok;8.09.2025;2018;80.682 km;Sedan;Uranus Gri;206 Km/h;586 Lt;Yok*;250;4;59;4.6 (Şİ) / 3.8 (ŞD);16;Kaput:Çizik, Ezik;Sağ Ön Kapı:Çizik, Ezik;Sol Ön Çamurluk:Ezik;Sol Ön Kapı:Ezik;Arka Tampon:Çizik
Golf;Volkswagen;1.150.000₺;Manuel;Dizel;1.6 Lt;Önden Çekiş;115 Hp;Yok;Yok;21.04.2021;2018;109.995 km;Hatchback;Beyaz;198 Km/h;380 Lt;Yok*;250;4;50;4.6 (Şİ) / 3.8 (ŞD);16;Sağ Arka Çamurluk:Boyalı;Arka Tampon:Boyalı
Passat;Volkswagen;1.120.000₺;Otomatik;Dizel;1.6 Lt;Önden Çekiş;120 Hp;Yok;Yok;20.11.2025;2018;205.468 km;Sedan;Beyaz;206 Km/h;586 Lt;Yok*;250;4;59;4.6 (Şİ) / 3.8 (ŞD);16;Kaput:Değişen;Sağ Ön Çamurluk:Değişen;Sol Ön Kapı:Lokal Boyalı
Passat;Volkswagen;1.098.000₺;Otomatik;Dizel;1.6 Lt;Önden Çekiş;120 Hp;Yok;Yok;13.09.2025;2018;179.215 km;Sedan;Siyah;206 Km/h;586 Lt;Yok*;250;4;59;4.6 (Şİ) / 3.8 (ŞD);16;Ön Tampon:Boyalı, Çizik;Sağ Arka Kapı:Çizik, Ezik;Sağ Arka Çamurluk:Çizik, Ezik;Sol Arka Kapı:Çizik, Ezik;Sol Arka Çamurluk:Ezik;Arka Tampon:Boyalı, Çizik;Bagaj:Boyalı
Caravelle;Volkswagen;1.095.000₺;Otomatik;Dizel;2 Lt;Önden Çekiş;150 Hp;Yok;Yok;10.03.2025;2018;172.244 km;Cityvan;Opak Siyah;181 Km/h;Yok*;Yok*;340;4;70;7.2 (Şİ) / 5.9 (ŞD);16;Ön Tampon:Boyalı;Sol Ön Kapı:Boyalı;Sol Arka Çamurluk:Boyalı;Arka Tampon:Boyalı;Bagaj:Boyalı
Tiguan;Volkswagen;1.062.000₺;Manuel;Benzin;1.4 Lt;Önden Çekiş;125 Hp;Yok;Yok;20.06.2025;2018;48.800 km;Arazi aracı;Beyaz;190 Km/h;615 Lt;Yok*;200;4;58;7.4 (Şİ) / 5.2 (ŞD);16;Ön Tampon:Çizik;Sağ Arka Kapı:Çizik, Ezik;Sol Arka Çamurluk:Hasarlı;Arka Tampon:Çizik
Golf;Volkswagen;1.055.000₺;Otomatik;Dizel;1.6 Lt;Önden Çekiş;115 Hp;Yok;Yok;24.02.2023;2018;43.007 km;Hatchback;Beyaz;198 Km/h;380 Lt;Yok*;250;4;50;4.1 (Şİ) / 3.8 (ŞD);16;Ön Tampon:Çizik
Golf;Volkswagen;1.049.500₺;Otomatik;Benzin;1 Lt;Önden Çekiş;110 Hp;Yok;Yok;29.09.2025;2018;73.742 km;Hatchback;Beyaz;196 Km/h;380 Lt;Yok*;200;3;50;5.7 (Şİ) / 4.2 (ŞD);12;Ön Tampon:Değişen;Sağ Arka Kapı:Ezik
Passat;Volkswagen;1.035.000₺;Otomatik;Dizel;1.6 Lt;Önden Çekiş;120 Hp;Yok;Yok;15.03.2025;2018;103.556 km;Sedan;Gri;206 Km/h;586 Lt;Yok*;250;4;59;4.6 (Şİ) / 3.8 (ŞD);16;Kaput:Ezik;Ön Tampon:Boyalı;Sağ Ön Kapı:Çizik;Sağ Arka Kapı:Boyalı, Çizik;Sağ Arka Çamurluk:Lokal Boyalı;Sol Ön Çamurluk:Değişen;Sol Arka Kapı:Çizik;Sol Arka Çamurluk:Boyalı;Arka Tampon:Boyalı;Sol Marşpiye:Boyalı
Golf;Volkswagen;1.030.000₺;Otomatik;Benzin;1.4 Lt;Önden Çekiş;125 Hp;Yok;Yok;11.11.2024;2018;123.572 km;Hatchback;Kırmızı;204 Km/h;380 Lt;Yok*;200;4;50;6.3 (Şİ) / 4.5 (ŞD);16;Sol Ön Çamurluk:Değişen;Sol Ön Kapı:Değişen;Sol Arka Kapı:Boyalı;Sol Arka Çamurluk:Boyalı
Passat;Volkswagen;1.020.000₺;Otomatik;Dizel;1.6 Lt;Önden Çekiş;120 Hp;Yok;Yok;29.08.2025;2018;136.952 km;Sedan;Gri;206 Km/h;586 Lt;Yok*;250;4;59;4.6 (Şİ) / 3.8 (ŞD);16;Ön Tampon:Boyalı, Çizik;Sağ Ön Çamurluk:Değişen;Sağ Ön Kapı:Boyalı;Sağ Arka Kapı:Boyalı;Sağ Arka Çamurluk:Boyalı;Sol Ön Çamurluk:Boyalı;Arka Tampon:Boyalı
Golf;Volkswagen;970.000₺;Otomatik;Dizel;1.6 Lt;Önden Çekiş;115 Hp;Yok;Yok;5.06.2025;2018;67.147 km;Hatchback;Siyah;198 Km/h;380 Lt;Yok*;250;4;50;4.1 (Şİ) / 3.8 (ŞD);16;Ön Tampon:Değişen, Çizik, Ezik;Sol Ön Kapı:Değişen;Sol Arka Çamurluk:Çizik;Arka Tampon:Boyalı, Çizik;Sol Marşpiye:Boyalı
Golf;Volkswagen;965.000₺;Otomatik;Dizel;1.6 Lt;Önden Çekiş;115 Hp;Yok;Yok;24.02.2023;2018;87.020 km;Hatchback;Beyaz;198 Km/h;380 Lt;Yok*;250;4;50;4.1 (Şİ) / 3.8 (ŞD);16;Kaput:Değişen;Ön Tampon:Değişen, Çizik;Sol Ön Çamurluk:Boyalı
Caddy;Volkswagen;941.500₺;Otomatik;Dizel;2 Lt;Önden Çekiş;102 Hp;Yok;Yok;1.08.2024;2018;91.358 km;Cityvan;Siyah;170 Km/h;Yok*;Yok*;250;4;55;5.9 (Şİ) / 4.8 (ŞD);16
Caddy;Volkswagen;899.900₺;Otomatik;Dizel;2 Lt;Önden Çekiş;102 Hp;Yok;Yok;6.01.2024;2018;113.354 km;Cityvan;Gri;170 Km/h;Yok*;Yok*;250;4;55;5.9 (Şİ) / 4.8 (ŞD);16;Sağ Ön Çamurluk:Boyalı
Golf;Volkswagen;890.000₺;Otomatik;Benzin;1 Lt;Önden Çekiş;110 Hp;Yok;Yok;16.12.2025;2018;51.527 km;Hatchback;Kırmızı;196 Km/h;380 Lt;Yok*;200;3;50;5.7 (Şİ) / 4.2 (ŞD);12;Kaput:Ezik;Ön Tampon:Boyalı
Polo;Volkswagen;875.000₺;Otomatik;Benzin;1 Lt;Önden Çekiş;95 Hp;Yok;Yok;14.08.2025;2018;84.640 km;Hatchback;Beyaz;187 Km/h;351 Lt;Yok*;175;3;40;5.8 (Şİ) / 4.1 (ŞD);12;Kaput:Çizik;Ön Tampon:Boyalı;Sol Ön Çamurluk:Boyalı;Sol Arka Kapı:Değişen;Arka Tampon:Çizik
Polo;Volkswagen;862.000₺;Otomatik;Benzin;1 Lt;Önden Çekiş;95 Hp;Yok;Yok;27.03.2025;2018;91.771 km;Hatchback;Saf Beyaz;187 Km/h;351 Lt;Yok*;175;3;40;5.8 (Şİ) / 4.1 (ŞD);12;Arka Tampon:Boyalı
Polo;Volkswagen;849.950₺;Otomatik;Benzin;1 Lt;Önden Çekiş;95 Hp;Yok;Yok;8.07.2025;2018;87.442 km;Hatchback;Beyaz;187 Km/h;351 Lt;Yok*;175;3;40;5.8 (Şİ) / 4.1 (ŞD);12
Polo;Volkswagen;825.000₺;Otomatik;Benzin;1 Lt;Önden Çekiş;95 Hp;Yok;Yok;14.03.2025;2018;126.704 km;Hatchback;Beyaz;187 Km/h;351 Lt;Yok*;175;3;40;5.8 (Şİ) / 4.1 (ŞD);12
Golf;Volkswagen;799.900₺;Manuel;Benzin;1 Lt;Önden Çekiş;110 Hp;Yok;Yok;21.02.2025;2018;57.300 km;Hatchback;Gri;196 Km/h;380 Lt;Yok*;200;3;50;5.9 (Şİ) / 4.1 (ŞD);12;Sağ Ön Çamurluk:Değişen;Sağ Ön Kapı:Değişen, Ezik;Sağ Arka Kapı:Değişen, Ezik;Sağ Arka Çamurluk:Boyalı, Ezik;Sağ Marşpiye:Değişen
Polo;Volkswagen;799.000₺;Otomatik;Benzin;1 Lt;Önden Çekiş;95 Hp;Yok;Yok;7.07.2025;2018;147.017 km;Hatchback;Mavi;187 Km/h;351 Lt;Yok*;175;3;40;5.8 (Şİ) / 4.1 (ŞD);12;Sol Ön Çamurluk:Değişen
Polo;Volkswagen;795.000₺;Otomatik;Benzin;1 Lt;Önden Çekiş;95 Hp;Yok;Yok;12.12.2025;2018;58.898 km;Hatchback;Turuncu;187 Km/h;351 Lt;Yok*;175;3;40;5.8 (Şİ) / 4.1 (ŞD);12;Kaput:Ezik;Ön Tampon:Çizik;Sol Arka Kapı:Ezik;Arka Tampon:Çizik
Caddy;Volkswagen;790.000₺;Manuel;Dizel;2 Lt;Önden Çekiş;102 Hp;Yok;Yok;20.07.2025;2018;160.785 km;Cityvan;Beyaz;172 Km/h;Yok*;Yok*;250;4;55;5.9 (Şİ) / 4.4 (ŞD);16
Polo;Volkswagen;754.000₺;Otomatik;Dizel;1.6 Lt;Önden Çekiş;95 Hp;Yok;Yok;27.01.2025;2018;146.343 km;Hatchback;Beyaz;185 Km/h;351 Lt;Yok*;250;4;40;4.5 (Şİ) / 3.7 (ŞD);16;Kaput:Ezik;Ön Tampon:Değişen, Hasarlı;Sağ Arka Kapı:Ezik;Sol Ön Kapı:Boyalı;Sol Arka Kapı:Değişen;Sol Arka Çamurluk:Boyalı;Arka Tampon:Değişen, Hasarlı;Sağ Marşpiye:Hasarlı
Golf;Volkswagen;745.000₺;Otomatik;Benzin;1 Lt;Önden Çekiş;110 Hp;Yok;Yok;15.05.2025;2018;76.608 km;Hatchback;Gri;196 Km/h;380 Lt;Yok*;200;3;50;5.7 (Şİ) / 4.2 (ŞD);12;Kaput:Değişen;Ön Tampon:Değişen, Çizik;Sağ Ön Çamurluk:Boyalı;Sağ Ön Kapı:Değişen;Sağ Arka Kapı:Değişen;Sağ Arka Çamurluk:Boyalı;Sol Ön Çamurluk:Değişen;Arka Tampon:Boyalı, Çizik;Sağ Marşpiye:Ezik
Polo;Volkswagen;740.000₺;Otomatik;Dizel;1.6 Lt;Önden Çekiş;95 Hp;Yok;Yok;24.05.2025;2018;116.464 km;Hatchback;Beyaz;185 Km/h;351 Lt;Yok*;250;4;40;4.5 (Şİ) / 3.7 (ŞD);16;Ön Tampon:Değişen, Çizik;Sol Ön Kapı:Çizik, Ezik;Arka Tampon:Hasarlı;Sağ Marşpiye:Ezik
Polo;Volkswagen;735.000₺;Otomatik;Dizel;1.6 Lt;Önden Çekiş;95 Hp;Yok;Yok;27.05.2025;2018;121.626 km;Hatchback;Beyaz;185 Km/h;351 Lt;Yok*;250;4;40;4.5 (Şİ) / 3.7 (ŞD);16;Tavan:Çizik;Ön Tampon:Boyalı, Çizik;Sağ Arka Çamurluk:Boyalı;Sol Ön Kapı:Çizik, Ezik;Sol Arka Kapı:Çizik, Ezik;Arka Tampon:Değişen;Bagaj:Değişen;Sağ Marşpiye:Ezik
Polo;Volkswagen;720.000₺;Otomatik;Dizel;1.6 Lt;Önden Çekiş;95 Hp;Yok;Yok;16.12.2025;2018;139.182 km;Hatchback;Beyaz;185 Km/h;351 Lt;Yok*;250;4;40;4.5 (Şİ) / 3.7 (ŞD);16;Kaput:Ezik;Ön Tampon:Çizik;Sağ Ön Kapı:Ezik;Sağ Arka Çamurluk:Ezik;Sağ Marşpiye:Ezik
Polo;Volkswagen;714.000₺;Manuel;Benzin;1 Lt;Önden Çekiş;75 Hp;Yok;Yok;4.08.2024;2018;30.761 km;Hatchback;Kurşun Gri;170 Km/h;351 Lt;Yok*;95;3;40;6 (Şİ) / 4.1 (ŞD);12;Ön Tampon:Çizik;Sol Ön Kapı:Çizik;Sağ Marşpiye:Hasarlı
Auris;Toyota;949.500₺;Multitronic;Benzin;1.6 Lt;Önden Çekiş;132 Hp;Yok;Yok;11.08.2025;2018;38.346 km;Hatchback;Beyaz;190 Km/h;360 Lt;Yok*;160;4;50;7.8 (Şİ) / 5.2 (ŞD);16;Arka Tampon:Boyalı;Bagaj:DeğişenXV;Subaru;1.075.000₺;Otomatik;Benzin;1.6 Lt;4x4;114 Hp;Yok;Yok;16.01.2025;2018;65.131 km;Arazi aracı;Beyaz;175 Km/h;385 Lt;Yok*;150;4;63;7.9 (Şİ) / 5.6 (ŞD);16
XV;Subaru;1.075.000₺;Otomatik;Benzin;1.6 Lt;4x4;114 Hp;Yok;Yok;16.01.2025;2018;65.131 km;Arazi aracı;Beyaz;175 Km/h;385 Lt;Yok*;150;4;63;7.9 (Şİ) / 5.6 (ŞD);16
Kodiaq;Skoda;1.560.000₺;Otomatik;Benzin;1.4 Lt;4x4;150 Hp;Yok;Yok;8.08.2025;2018;59.569 km;Arazi aracı;Gri;194 Km/h;720 Lt;Yok*;250;4;60;8.5 (Şİ) / 6.3 (ŞD);16;Sağ Arka Kapı:Boyalı;Sağ Arka Çamurluk:Boyalı
Kodiaq;Skoda;1.379.000₺;Otomatik;Benzin;1.4 Lt;Önden Çekiş;150 Hp;Yok;Yok;2.05.2025;2018;76.922 km;Arazi aracı;Kapuçino Beji;198 Km/h;720 Lt;Yok*;250;4;58;7.5 (Şİ) / 5.6 (ŞD);16;Ön Tampon:Çizik;Sol Arka Çamurluk:Ezik;Arka Tampon:Hasarlı
Superb;Skoda;1.317.000₺;Otomatik;Dizel;1.6 Lt;Önden Çekiş;120 Hp;Yok;Yok;29.11.2025;2018;79.900 km;Hatchback;Gri;206 Km/h;595 Lt;Yok*;250;4;66;4.7 (Şİ) / 4.1 (ŞD);16;Ön Tampon:Boyalı;Sağ Arka Kapı:Ezik;Sol Ön Çamurluk:Boyalı;Sol Arka Kapı:Çizik;Sol Arka Çamurluk:Çizik;Arka Tampon:Çizik;Sol Marşpiye:Hasarlı
Superb;Skoda;1.274.000₺;Otomatik;Dizel;1.6 Lt;Önden Çekiş;120 Hp;Yok;Yok;23.08.2025;2018;89.437 km;Hatchback;Metalik Gri;206 Km/h;595 Lt;Yok*;250;4;66;4.7 (Şİ) / 4.1 (ŞD);16;Ön Tampon:Değişen;Sol Arka Çamurluk:Çizik, Ezik;Arka Tampon:Boyalı, Çizik
Karoq;Skoda;1.249.500₺;Otomatik;Benzin;1 Lt;Önden Çekiş;115 Hp;Yok;Yok;1.03.2025;2018;42.739 km;Arazi aracı;Gri;186 Km/h;521 Lt;Yok*;200;3;50;6 (Şİ) / 5 (ŞD);12
Superb;Skoda;1.247.000₺;Otomatik;Dizel;1.6 Lt;Önden Çekiş;120 Hp;Yok;Yok;20.05.2025;2018;65.128 km;Hatchback;Gri;206 Km/h;595 Lt;Yok*;250;4;66;4.7 (Şİ) / 4.1 (ŞD);16;Sağ Ön Kapı:Boyalı;Sağ Arka Kapı:Boyalı
Karoq;Skoda;1.213.000₺;Otomatik;Dizel;1.6 Lt;Önden Çekiş;115 Hp;Yok;Yok;4.04.2025;2018;117.938 km;Arazi aracı;Gri;186 Km/h;521 Lt;Yok*;250;4;50;5.2 (Şİ) / 4.5 (ŞD);16;Ön Tampon:Çizik;Sağ Ön Çamurluk:Ezik;Sağ Arka Çamurluk:Çizik;Sol Arka Kapı:Ezik;Arka Tampon:Boyalı;Bagaj:Ezik
Superb;Skoda;1.165.000₺;Otomatik;Dizel;1.6 Lt;Önden Çekiş;120 Hp;Yok;Yok;17.09.2026;2018;170.877 km;Hatchback;Beyaz;206 Km/h;595 Lt;Yok*;250;4;66;4.7 (Şİ) / 4.1 (ŞD);16;Bagaj:Boyalı
Superb;Skoda;1.149.000₺;Otomatik;Dizel;1.6 Lt;Önden Çekiş;120 Hp;Yok;Yok;2.05.2021;2018;82.852 km;Wagon;Gri;204 Km/h;630 Lt;Yok*;250;4;66;4.7 (Şİ) / 4.2 (ŞD);16;Sol Ön Çamurluk:Boyalı
Superb;Skoda;1.097.500₺;Otomatik;Dizel;1.6 Lt;Önden Çekiş;120 Hp;Yok;Yok;10.06.2025;2018;111.079 km;Hatchback;Gri;206 Km/h;595 Lt;Yok*;250;4;66;4.7 (Şİ) / 4.1 (ŞD);16;Kaput:Değişen;Ön Tampon:Değişen;Sağ Ön Çamurluk:Boyalı;Sol Arka Kapı:Boyalı;Sol Arka Çamurluk:Boyalı
Octavia;Skoda;1.047.500₺;Otomatik;Dizel;1.6 Lt;Önden Çekiş;115 Hp;Yok;Yok;18.04.2025;2018;71.997 km;Hatchback;Gri;204 Km/h;568 Lt;Yok*;250;4;50;4.4 (Şİ) / 3.6 (ŞD);16;Sol Ön Çamurluk:Boyalı;Sol Ön Kapı:Boyalı
Octavia;Skoda;1.041.000₺;Otomatik;Dizel;1.6 Lt;Önden Çekiş;115 Hp;Yok;Yok;9.03.2024;2018;132.385 km;Hatchback;Gri;204 Km/h;568 Lt;Yok*;250;4;50;4.4 (Şİ) / 3.6 (ŞD);16;Kaput:Çizik;Ön Tampon:Boyalı, Çizik;Sağ Arka Çamurluk:Çizik;Arka Tampon:Çizik;Sağ Marşpiye:Çizik
Superb;Skoda;1.040.000₺;Otomatik;Dizel;1.6 Lt;Önden Çekiş;120 Hp;Yok;Yok;13.06.2021;2018;67.231 km;Hatchback;Gri;206 Km/h;595 Lt;Yok*;250;4;66;4.7 (Şİ) / 4.1 (ŞD);16;Kaput:Boyalı;Ön Tampon:Değişen;Sağ Ön Kapı:Çizik;Sağ Arka Çamurluk:Lokal Boyalı;Arka Tampon:Boyalı;Bagaj:Lokal Boyalı
Octavia;Skoda;1.035.000₺;Otomatik;Dizel;1.6 Lt;Önden Çekiş;115 Hp;Yok;Yok;13.06.2025;2018;105.660 km;Hatchback;Beyaz;204 Km/h;568 Lt;Yok*;250;4;50;4.4 (Şİ) / 3.6 (ŞD);16;Sağ Ön Çamurluk:Boyalı
Rapid;Skoda;869.500₺;Otomatik;Benzin;1 Lt;Önden Çekiş;95 Hp;Yok;Yok;18.02.2025;2018;81.775 km;Sedan;Beyaz;189 Km/h;530 Lt;Yok*;160;3;55;5.5 (Şİ) / 4.1 (ŞD);12;Sol Ön Çamurluk:Boyalı
Ateca;SEAT;1.347.500₺;Otomatik;Benzin;1.4 Lt;Önden Çekiş;150 Hp;Yok;Yok;2.06.2025;2018;54.733 km;Arazi aracı;Beyaz;198 Km/h;510 Lt;Yok*;250;4;50;6.4 (Şİ) / 4.9 (ŞD);16;Sağ Ön Kapı:Ezik;Sağ Arka Kapı:Ezik;Sol Ön Kapı:Çizik;Arka Tampon:Çizik
Ateca;SEAT;1.332.000₺;Otomatik;Benzin;1.4 Lt;Önden Çekiş;150 Hp;Yok;Yok;24.08.2025;2018;63.500 km;Arazi aracı;Metalik Kırmızı;198 Km/h;510 Lt;Yok*;250;4;50;6.4 (Şİ) / 4.9 (ŞD);16;Ön Tampon:Çizik, Ezik;Sağ Arka Kapı:Çizik;Sağ Arka Çamurluk:Çizik;Arka Tampon:Çizik, Ezik
Leon;SEAT;1.298.000₺;Otomatik;Dizel;1.6 Lt;Önden Çekiş;115 Hp;Yok;Yok;1.07.2025;2018;94.215 km;Hatchback;Beyaz;197 Km/h;380 Lt;Yok*;250;4;50;4.3 (Şİ) / 4 (ŞD);16;Sol Arka Çamurluk:Çizik
Ateca;SEAT;1.250.000₺;Otomatik;Benzin;1.4 Lt;Önden Çekiş;150 Hp;Yok;Yok;22.07.2025;2018;67.844 km;Arazi aracı;Kahverengi;198 Km/h;510 Lt;Yok*;250;4;50;6.4 (Şİ) / 4.9 (ŞD);16;Ön Tampon:Çizik;Sağ Ön Çamurluk:Ezik;Sol Ön Kapı:Çizik
Ateca;SEAT;1.248.000₺;Otomatik;Benzin;1.4 Lt;Önden Çekiş;150 Hp;Yok;Yok;12.04.2025;2018;51.358 km;Arazi aracı;Beyaz;198 Km/h;510 Lt;Yok*;250;4;50;6.4 (Şİ) / 4.9 (ŞD);16;Ön Tampon:Boyalı;Sağ Ön Çamurluk:Ezik
Ateca;SEAT;1.174.000₺;Otomatik;Benzin;1.4 Lt;Önden Çekiş;150 Hp;Yok;Yok;8.06.2025;2018;106.017 km;Arazi aracı;Beyaz;198 Km/h;510 Lt;Yok*;250;4;50;6.4 (Şİ) / 4.9 (ŞD);16;Kaput:Ezik;Ön Tampon:Boyalı;Sağ Ön Çamurluk:Boyalı;Sağ Arka Çamurluk:Lokal Boyalı;Arka Tampon:Değişen;Bagaj:Boyalı
Ateca;SEAT;1.153.000₺;Otomatik;Benzin;1.4 Lt;Önden Çekiş;150 Hp;Yok;Yok;9.11.2018;2018;47.109 km;Arazi aracı;Beyaz;198 Km/h;510 Lt;Yok*;250;4;50;6.4 (Şİ) / 4.9 (ŞD);16;Ön Tampon:Değişen;Sağ Ön Kapı:Çizik;Sağ Arka Kapı:Ezik;Sol Ön Kapı:Çizik;Sol Arka Kapı:Çizik, Ezik;Arka Tampon:Çizik
Leon;SEAT;1.105.000₺;Otomatik;Benzin;1.4 Lt;Önden Çekiş;150 Hp;Yok;Yok;31.07.2023;2018;56.055 km;Hatchback;Gri;215 Km/h;380 Lt;Yok*;250;4;50;5.8 (Şİ) / 4.4 (ŞD);16
Leon;SEAT;985.900₺;Otomatik;Dizel;1.6 Lt;Önden Çekiş;115 Hp;Yok;Yok;8.07.2025;2018;121.935 km;Hatchback;Mavi;197 Km/h;380 Lt;Yok*;250;4;50;4.3 (Şİ) / 4 (ŞD);16;Sağ Ön Çamurluk:Boyalı;Sol Arka Çamurluk:Boyalı
Leon;SEAT;975.900₺;Otomatik;Benzin;1.2 Lt;Önden Çekiş;110 Hp;Yok;Yok;22.05.2025;2018;76.332 km;Hatchback;Gri;194 Km/h;380 Lt;Yok*;175;4;50;6 (Şİ) / 4.4 (ŞD);16;Ön Tampon:Boyalı;Sol Ön Çamurluk:Değişen
Leon;SEAT;927.500₺;Otomatik;Dizel;1.6 Lt;Önden Çekiş;115 Hp;Yok;Yok;16.06.2025;2018;78.244 km;Hatchback;Mor;197 Km/h;380 Lt;Yok*;250;4;50;4.3 (Şİ) / 4 (ŞD);16;Sol Ön Çamurluk:Değişen;Sol Ön Kapı:Değişen
Leon;SEAT;897.000₺;Otomatik;Dizel;1.6 Lt;Önden Çekiş;115 Hp;Yok;Yok;6.01.2025;2018;96.878 km;Hatchback;Opak Beyaz;197 Km/h;380 Lt;Yok*;250;4;50;4.3 (Şİ) / 4 (ŞD);16;Tavan:Ezik;Kaput:Ezik;Ön Tampon:Değişen, Hasarlı;Sağ Ön Çamurluk:Değişen;Sağ Ön Kapı:Boyalı;Sol Arka Kapı:Boyalı;Sol Arka Çamurluk:Boyalı;Arka Tampon:Boyalı
Leon;SEAT;847.000₺;Otomatik;Dizel;1.6 Lt;Önden Çekiş;115 Hp;Yok;Yok;17.03.2025;2018;142.824 km;Hatchback;Opak Beyaz;197 Km/h;380 Lt;Yok*;250;4;50;4.3 (Şİ) / 4 (ŞD);16;Sağ Ön Kapı:Boyalı;Sağ Arka Çamurluk:Çizik, Ezik;Arka Tampon:Boyalı;Sağ Marşpiye:Boyalı
Leon;SEAT;835.000₺;Otomatik;Dizel;1.6 Lt;Önden Çekiş;115 Hp;Yok;Yok;20.03.2025;2018;154.268 km;Hatchback;Opak Beyaz;197 Km/h;380 Lt;Yok*;250;4;50;4.3 (Şİ) / 4 (ŞD);16;Ön Tampon:Boyalı, Hasarlı;Sağ Ön Çamurluk:Boyalı;Sol Arka Çamurluk:Çizik, Ezik;Arka Tampon:Boyalı;Bagaj:Boyalı;Sağ Marşpiye:Hasarlı
Megane;Renault;940.000₺;Otomatik;Dizel;1.5 Lt;Önden Çekiş;110 Hp;Yok;Yok;29.05.2023;2018;114.600 km;Sedan;Beyaz;190 Km/h;503 Lt;Yok*;250;4;49;4.1 (Şİ) / 3.6 (ŞD);8
Megane;Renault;927.500₺;Otomatik;Dizel;1.5 Lt;Önden Çekiş;110 Hp;Yok;Yok;16.06.2025;2018;70.835 km;Sedan;Beyaz;190 Km/h;503 Lt;Yok*;250;4;49;4.1 (Şİ) / 3.6 (ŞD);8;Sağ Marşpiye:Boyalı
Megane;Renault;919.750₺;Otomatik;Dizel;1.5 Lt;Önden Çekiş;110 Hp;Yok;Yok;14.12.2023;2018;68.108 km;Sedan;Platin Gri;190 Km/h;503 Lt;Yok*;250;4;49;4.1 (Şİ) / 3.6 (ŞD);8
Megane;Renault;899.750₺;Otomatik;Dizel;1.5 Lt;Önden Çekiş;110 Hp;Yok;Yok;20.01.2025;2018;80.156 km;Sedan;Beyaz;190 Km/h;503 Lt;Yok*;250;4;49;4.1 (Şİ) / 3.6 (ŞD);8;Sağ Arka Çamurluk:Boyalı
Megane;Renault;899.500₺;Otomatik;Dizel;1.5 Lt;Önden Çekiş;110 Hp;Yok;Yok;2.06.2025;2018;85.965 km;Sedan;Beyaz;190 Km/h;503 Lt;Yok*;250;4;49;4.1 (Şİ) / 3.6 (ŞD);8;Bagaj:Değişen
Captur;Renault;899.000₺;Otomatik;Dizel;1.5 Lt;Önden Çekiş;90 Hp;Yok;Yok;3.07.2025;2018;76.940 km;Hatchback;Siyah;170 Km/h;455 Lt;Yok*;220;4;45;4.6 (Şİ) / 3.6 (ŞD);8
Captur;Renault;899.000₺;Otomatik;Dizel;1.5 Lt;Önden Çekiş;90 Hp;Yok;Yok;3.07.2025;2018;76.940 km;Hatchback;Siyah;170 Km/h;455 Lt;Yok*;220;4;45;4.6 (Şİ) / 3.6 (ŞD);8
Megane;Renault;895.000₺;Otomatik;Dizel;1.5 Lt;Önden Çekiş;110 Hp;Yok;Yok;17.02.2025;2018;103.860 km;Sedan;Platin Gri;190 Km/h;503 Lt;Yok*;250;4;49;4.1 (Şİ) / 3.6 (ŞD);8;Ön Tampon:Çizik;Sağ Ön Kapı:Boyalı;Sağ Arka Kapı:Boyalı, Çizik;Sağ Arka Çamurluk:Boyalı, Çizik;Sol Marşpiye:Ezik
Megane;Renault;850.000₺;Otomatik;Dizel;1.5 Lt;Önden Çekiş;110 Hp;Yok;Yok;24.05.2025;2018;138.350 km;Sedan;Gri;190 Km/h;503 Lt;Yok*;250;4;49;4.1 (Şİ) / 3.6 (ŞD);8;Sol Arka Çamurluk:Boyalı
Clio;Renault;770.000₺;Otomatik;Benzin;1.2 Lt;Önden Çekiş;120 Hp;Yok;Yok;26.05.2025;2018;94.000 km;Hatchback;Beyaz;199 Km/h;300 Lt;Yok*;205;4;45;6.8 (Şİ) / 4.5 (ŞD);16
Megane;Renault;692.000₺;Otomatik;Dizel;1.5 Lt;Önden Çekiş;110 Hp;Yok;Yok;14.01.2023;2018;135.000 km;Sedan;Beyaz;190 Km/h;503 Lt;Yok*;250;4;49;4.1 (Şİ) / 3.6 (ŞD);8;Kaput:Değişen;Ön Tampon:Boyalı;Sağ Ön Çamurluk:Değişen;Sağ Arka Çamurluk:Boyalı;Sol Ön Çamurluk:Değişen;Sol Arka Çamurluk:Boyalı;Arka Tampon:Boyalı;Bagaj:Değişen
SYMBOL;Renault;642.000₺;Manuel;Dizel;1.5 Lt;Önden Çekiş;90 Hp;Yok;Yok;3.05.2025;2018;86.497 km;Sedan;Beyaz;167 Km/h;510 Lt;Yok*;220;4;50;3.7 (Şİ) / 3.6 (ŞD);8;Ön Tampon:Çizik, Ezik;Sol Arka Çamurluk:Boyalı;Arka Tampon:Boyalı, Hasarlı;Bagaj:Ezik
SYMBOL;Renault;637.000₺;Manuel;Dizel;1.5 Lt;Önden Çekiş;90 Hp;Yok;Yok;3.05.2025;2018;116.647 km;Sedan;Beyaz;167 Km/h;510 Lt;Yok*;220;4;50;3.7 (Şİ) / 3.6 (ŞD);8;Tavan:Ezik;Ön Tampon:Çizik
SYMBOL;Renault;636.000₺;Manuel;Dizel;1.5 Lt;Önden Çekiş;90 Hp;Yok;Yok;3.05.2025;2018;107.728 km;Sedan;Beyaz;167 Km/h;510 Lt;Yok*;220;4;50;3.7 (Şİ) / 3.6 (ŞD);8;Ön Tampon:Çizik;Sağ Ön Çamurluk:Ezik;Arka Tampon:Hasarlı
SYMBOL;Renault;633.000₺;Manuel;Dizel;1.5 Lt;Önden Çekiş;90 Hp;Yok;Yok;26.07.2025;2018;107.553 km;Sedan;Beyaz;167 Km/h;510 Lt;Yok*;220;4;50;3.7 (Şİ) / 3.6 (ŞD);8;Ön Tampon:Çizik;Sağ Arka Kapı:Ezik;Sağ Arka Çamurluk:Ezik;Sol Ön Çamurluk:Hasarlı;Sol Arka Kapı:Hasarlı;Sol Arka Çamurluk:Hasarlı;Arka Tampon:Hasarlı;Sağ Marşpiye:Ezik;Sol Marşpiye:Ezik
SYMBOL;Renault;626.000₺;Manuel;Dizel;1.5 Lt;Önden Çekiş;90 Hp;Yok;Yok;3.05.2025;2018;106.545 km;Sedan;Beyaz;167 Km/h;510 Lt;Yok*;220;4;50;3.7 (Şİ) / 3.6 (ŞD);8;Ön Tampon:Boyalı, Çizik, Ezik;Arka Tampon:Boyalı, Çizik, Ezik, Hasarlı
Cayenne;Porsche;8.000.000₺;Tiptronic;Benzin;3 Lt;4x4;340 Hp;Yok;Yok;6.03.2023;2018;16.063 km;Arazi aracı;Metalik Mavi;245 Km/h;770 Lt;Yok*;450;6;75;11.1 (Şİ) / 7.9 (ŞD);24;Kaput:Ezik;Ön Tampon:Çizik;Arka Tampon:Boyalı
Macan;Porsche;3.025.000₺;Otomatik;Benzin;2 Lt;4x4;252 Hp;Yok;Yok;17.10.2025;2018;53.349 km;Arazi aracı;Gri;229 Km/h;500 Lt;Yok*;370;4;65;8.4 (Şİ) / 6.4 (ŞD);16;Kaput:Boyalı, Değişen, Çizik;Sağ Arka Kapı:Boyalı;Sol Arka Kapı:Boyalı, Ezik;Sol Arka Çamurluk:Boyalı
Macan;Porsche;2.865.000₺;Otomatik;Benzin;2 Lt;4x4;252 Hp;Yok;Yok;27.01.2025;2018;110.139 km;Arazi aracı;Beyaz;229 Km/h;500 Lt;Yok*;370;4;65;8.4 (Şİ) / 6.4 (ŞD);16;Sol Arka Kapı:Boyalı;Arka Tampon:Boyalı
3008;Peugeot;1.299.500₺;Tiptronic;Dizel;1.6 Lt;Önden Çekiş;120 Hp;Yok;Yok;27.05.2025;2018;27.072 km;Arazi aracı;Beyaz;185 Km/h;520 Lt;Yok*;300;4;53;4.9 (Şİ) / 4.1 (ŞD);8
3008;Peugeot;1.190.000₺;Tiptronic;Dizel;1.6 Lt;Önden Çekiş;120 Hp;Yok;Yok;26.03.2021;2018;61.665 km;Arazi aracı;Kum Grisi;185 Km/h;520 Lt;Yok*;300;4;53;4.7 (Şİ) / 3.9 (ŞD);8;Sağ Ön Çamurluk:Boyalı;Sağ Ön Kapı:Boyalı;Sol Ön Kapı:Boyalı;Sol Arka Kapı:Boyalı;Sol Arka Çamurluk:Boyalı
301;Peugeot;638.000₺;Manuel;Dizel;1.6 Lt;Önden Çekiş;100 Hp;Yok;Yok;26.09.2025;2018;155.911 km;Sedan;Beyaz;183 Km/h;506 Lt;Yok*;254;4;50;4.6 (Şİ) / 3.4 (ŞD);8;Kaput:Ezik;Ön Tampon:Boyalı, Çizik;Sağ Ön Çamurluk:Çizik;Sağ Ön Kapı:Çizik;Sağ Arka Kapı:Ezik;Sağ Arka Çamurluk:Ezik;Sol Ön Çamurluk:Çizik;Sol Ön Kapı:Çizik;Sol Arka Kapı:Ezik;Sol Arka Çamurluk:Çizik;Arka Tampon:Boyalı, Çizik;Sağ Marşpiye:Ezik
301;Peugeot;550.000₺;Manuel;Dizel;1.6 Lt;Önden Çekiş;100 Hp;Yok;Yok;17.06.2025;2018;167.550 km;Sedan;Beyaz;183 Km/h;506 Lt;Yok*;254;4;50;4.6 (Şİ) / 3.4 (ŞD);8;Kaput:Değişen;Sağ Ön Çamurluk:Boyalı;Sağ Arka Kapı:Değişen;Sağ Arka Çamurluk:Lokal Boyalı;Sol Ön Çamurluk:Boyalı
301;Peugeot;515.000₺;Manuel;Dizel;1.6 Lt;Önden Çekiş;100 Hp;Yok;Yok;10.06.2025;2018;205.100 km;Sedan;Tekno Gri;183 Km/h;506 Lt;Yok*;254;4;50;4.6 (Şİ) / 3.4 (ŞD);8;Ön Tampon:Çizik;Sol Ön Çamurluk:Ezik;Sol Arka Kapı:Çizik, Ezik;Sol Arka Çamurluk:Ezik;Arka Tampon:Boyalı;Bagaj:Ezik
Grandland X;Opel;1.299.500₺;Tiptronic;Dizel;1.6 Lt;Önden Çekiş;120 Hp;Yok;Yok;24.06.2023;2018;42.750 km;Arazi aracı;Kahverengi;185 Km/h;514 Lt;Yok*;300;4;53;5.1 (Şİ) / 4.2 (ŞD);8
Grandland X;Opel;1.199.500₺;Tiptronic;Dizel;1.6 Lt;Önden Çekiş;120 Hp;Yok;Yok;26.05.2025;2018;32.457 km;Arazi aracı;Beyaz;185 Km/h;514 Lt;Yok*;300;4;53;5.1 (Şİ) / 4.2 (ŞD);8
Astra;Opel;720.000₺;Tiptronic;Dizel;1.6 Lt;Önden Çekiş;136 Hp;Yok;Yok;10.03.2025;2018;110.386 km;Sedan;Beyaz;200 Km/h;420 Lt;Yok*;320;4;56;6.4 (Şİ) / 4.3 (ŞD);16;Sağ Ön Kapı:Boyalı;Sağ Arka Çamurluk:Lokal Boyalı;Sol Ön Çamurluk:Değişen;Sol Ön Kapı:Boyalı
X-Trail;Nissan;1.229.000₺;Multitronic;Dizel;1.6 Lt;Önden Çekiş;130 Hp;Yok;Yok;7.09.2023;2018;109.216 km;Arazi aracı;Beyaz;180 Km/h;445 Lt;Yok*;320;4;60;5.8 (Şİ) / 4.7 (ŞD);16;Ön Tampon:Çizik;Sağ Ön Kapı:Çizik;Sağ Arka Kapı:Değişen;Arka Tampon:Çizik
Qashqai;Nissan;1.075.900₺;Multitronic;Dizel;1.6 Lt;Önden Çekiş;130 Hp;Yok;Yok;31.05.2024;2018;54.080 km;Hatchback;Gri;183 Km/h;401 Lt;Yok*;320;4;55;5.3 (Şİ) / 4.4 (ŞD);16;Kaput:Değişen;Sağ Ön Çamurluk:Değişen
CLS-Serisi;Mercedes-Benz;4.800.000₺;Tiptronic;Dizel;2.9 Lt;4x4;340 Hp;Yok;Yok;21.02.2024;2018;79.231 km;Sedan;Siyah;250 Km/h;520 Lt;Yok*;700;6;66;6.7 (Şİ) / 5 (ŞD);24;Sağ Arka Kapı:Boyalı;Sağ Arka Çamurluk:Boyalı
